state,year,pdf_link,doc_name,doc_number,scraped_at,download_status,download_path,download_error,downloaded_at
MN,2023.0,https://edocs-public.dot.state.mn.us/edocs_public/DMResultSet/download?docId=36620879,Apparent Bid Results 08-25-2023,36620879.0,2025-11-22T17:45:59.361442,success,c:\Users\Richard\code\CSI_Proj\data\downloads\MN\MN_36620879.0.pdf,,2025-11-22T18:15:02.658283
MN,2023.0,https://edocs-public.dot.state.mn.us/edocs_public/DMResultSet/download?docId=36620860,Apparent Bid Results 07-28-2023,36620860.0,2025-11-22T17:45:59.361442,success,c:\Users\Richard\code\CSI_Proj\data\downloads\MN\MN_36620860.0.pdf,,2025-11-22T18:15:05.066093
MN,2023.0,https://edocs-public.dot.state.mn.us/edocs_public/DMResultSet/download?docId=36620828,Apparent Bid Results 06-09-2023,36620828.0,2025-11-22T17:45:59.361442,success,c:\Users\Richard\code\CSI_Proj\data\downloads\MN\MN_36620828.0.pdf,,2025-11-22T18:15:07.464571
MN,2023.0,https://edocs-public.dot.state.mn.us/edocs_public/DMResultSet/download?docId=36620843,Apparent Bid Results 06-23-2023,36620843.0,2025-11-22T17:45:59.361442,success,c:\Users\Richard\code\CSI_Proj\data\downloads\MN\MN_36620843.0.pdf,,2025-11-22T18:15:09.861474
MN,2023.0,https://edocs-public.dot.state.mn.us/edocs_public/DMResultSet/download?docId=36620806,Apparent Bid Results 05-19-2023,36620806.0,2025-11-22T17:45:59.361442,success,c:\Users\Richard\code\CSI_Proj\data\downloads\MN\MN_36620806.0.pdf,,2025-11-22T18:15:11.866144
MN,2023.0,https://edocs-public.dot.state.mn.us/edocs_public/DMResultSet/download?docId=36620787,Apparent Bid Results 05-12-2023,36620787.0,2025-11-22T17:45:59.361442,success,c:\Users\Richard\code\CSI_Proj\data\downloads\MN\MN_36620787.0.pdf,,2025-11-22T18:15:13.812172
MN,2023.0,https://edocs-public.dot.state.mn.us/edocs_public/DMResultSet/download?docId=36620570,Apparent Bid Results 04-28-2023,36620570.0,2025-11-22T17:45:59.361442,success,c:\Users\Richard\code\CSI_Proj\data\downloads\MN\MN_36620570.0.pdf,,2025-11-22T18:15:15.927142
MN,2023.0,https://edocs-public.dot.state.mn.us/edocs_public/DMResultSet/download?docId=36620553,Apparent Bid Results 03-24-2023,36620553.0,2025-11-22T17:45:59.361442,success,c:\Users\Richard\code\CSI_Proj\data\downloads\MN\MN_36620553.0.pdf,,2025-11-22T18:15:18.072617
MN,2023.0,https://edocs-public.dot.state.mn.us/edocs_public/DMResultSet/download?docId=36620491,Apparent Bid Results 02-09-2023,36620491.0,2025-11-22T17:45:59.361442,success,c:\Users\Richard\code\CSI_Proj\data\downloads\MN\MN_36620491.0.pdf,,2025-11-22T18:15:20.098006
MN,2023.0,https://edocs-public.dot.state.mn.us/edocs_public/DMResultSet/download?docId=36620527,Apparent Bid Results 02-24-2023,36620527.0,2025-11-22T17:45:59.361442,success,c:\Users\Richard\code\CSI_Proj\data\downloads\MN\MN_36620527.0.pdf,,2025-11-22T18:15:22.074255
MN,2023.0,https://edocs-public.dot.state.mn.us/edocs_public/DMResultSet/download?docId=36620509,Apparent Bid Results 02-10-2023,36620509.0,2025-11-22T17:45:59.361442,success,c:\Users\Richard\code\CSI_Proj\data\downloads\MN\MN_36620509.0.pdf,,2025-11-22T18:15:24.310150
MN,2023.0,https://edocs-public.dot.state.mn.us/edocs_public/DMResultSet/download?docId=36620471,Apparent Bid Results 01-27-2023,36620471.0,2025-11-22T17:45:59.361442,success,c:\Users\Richard\code\CSI_Proj\data\downloads\MN\MN_36620471.0.pdf,,2025-11-22T18:15:27.057995
MN,2023.0,https://edocs-public.dot.state.mn.us/edocs_public/DMResultSet/download?docId=36620042,Apparent Bid Results 01-18-2023 DB,36620042.0,2025-11-22T17:45:59.361442,success,c:\Users\Richard\code\CSI_Proj\data\downloads\MN\MN_36620042.0.pdf,,2025-11-22T18:15:29.080251
MN,2023.0,https://edocs-public.dot.state.mn.us/edocs_public/DMResultSet/download?docId=36620009,Apparent Bid Results 01-11-2023 DB,36620009.0,2025-11-22T17:45:59.361442,success,c:\Users\Richard\code\CSI_Proj\data\downloads\MN\MN_36620009.0.pdf,,2025-11-22T18:15:31.221550
MN,2023.0,https://edocs-public.dot.state.mn.us/edocs_public/DMResultSet/download?docId=36620899,Apparent Bid Results 09-22-2023,36620899.0,2025-11-22T17:45:59.361442,success,c:\Users\Richard\code\CSI_Proj\data\downloads\MN\MN_36620899.0.pdf,,2025-11-22T18:15:33.385317
MN,2023.0,https://edocs-public.dot.state.mn.us/edocs_public/DMResultSet/download?docId=36523105,Apparent Bid Results 10-27-2023,36523105.0,2025-11-22T17:45:59.361442,success,c:\Users\Richard\code\CSI_Proj\data\downloads\MN\MN_36523105.0.pdf,,2025-11-22T18:15:36.101021
MN,2023.0,https://edocs-public.dot.state.mn.us/edocs_public/DMResultSet/download?docId=36943562,Apparent Bid Results 11-17-2023,36943562.0,2025-11-22T17:45:59.361442,success,c:\Users\Richard\code\CSI_Proj\data\downloads\MN\MN_36943562.0.pdf,,2025-11-22T18:15:38.355651
MN,2023.0,https://edocs-public.dot.state.mn.us/edocs_public/DMResultSet/download?docId=37166323,Apparent Bid Results 11-29-2023 BV,37166323.0,2025-11-22T17:45:59.361442,success,c:\Users\Richard\code\CSI_Proj\data\downloads\MN\MN_37166323.0.pdf,,2025-11-22T18:15:40.666841
MN,2023.0,https://edocs-public.dot.state.mn.us/edocs_public/DMResultSet/download?docId=37174263,Apparent Bid Results 12-1-2023,37174263.0,2025-11-22T17:45:59.361442,success,c:\Users\Richard\code\CSI_Proj\data\downloads\MN\MN_37174263.0.pdf,,2025-11-22T18:15:43.178516
MN,2024.0,https://edocs-public.dot.state.mn.us/edocs_public/DMResultSet/download?docId=38503385,Apparent Bid Results 02-23-2024,38503385.0,2025-11-22T17:45:59.361442,success,c:\Users\Richard\code\CSI_Proj\data\downloads\MN\MN_38503385.0.pdf,,2025-11-22T18:15:45.262772
MN,2024.0,https://edocs-public.dot.state.mn.us/edocs_public/DMResultSet/download?docId=38081989,Apparent Bid Results 01-26-2024,38081989.0,2025-11-22T17:45:59.361442,success,c:\Users\Richard\code\CSI_Proj\data\downloads\MN\MN_38081989.0.pdf,,2025-11-22T18:15:47.290612
MN,2024.0,https://edocs-public.dot.state.mn.us/edocs_public/DMResultSet/download?docId=38573247,Apparent Bid Results 03-08-2024,38573247.0,2025-11-22T17:45:59.361442,success,c:\Users\Richard\code\CSI_Proj\data\downloads\MN\MN_38573247.0.pdf,,2025-11-22T18:15:49.273653
MN,2024.0,https://edocs-public.dot.state.mn.us/edocs_public/DMResultSet/download?docId=38580449,Apparent Bid Results 03-22-2024,38580449.0,2025-11-22T17:45:59.361442,success,c:\Users\Richard\code\CSI_Proj\data\downloads\MN\MN_38580449.0.pdf,,2025-11-22T18:15:51.400781
MN,2024.0,https://edocs-public.dot.state.mn.us/edocs_public/DMResultSet/download?docId=38599721,Apparent Bid Results 04-26-2024,38599721.0,2025-11-22T17:45:59.361442,success,c:\Users\Richard\code\CSI_Proj\data\downloads\MN\MN_38599721.0.pdf,,2025-11-22T18:15:53.458670
MN,2024.0,https://edocs-public.dot.state.mn.us/edocs_public/DMResultSet/download?docId=38604986,Apparent Bid Results 05-08-2024 DB,38604986.0,2025-11-22T17:45:59.361442,success,c:\Users\Richard\code\CSI_Proj\data\downloads\MN\MN_38604986.0.pdf,,2025-11-22T18:15:55.382717
MN,2024.0,https://edocs-public.dot.state.mn.us/edocs_public/DMResultSet/download?docId=38606234,Apparent Bid Results 05-10-2024,38606234.0,2025-11-22T17:45:59.361442,success,c:\Users\Richard\code\CSI_Proj\data\downloads\MN\MN_38606234.0.pdf,,2025-11-22T18:15:57.407039
MN,2024.0,https://edocs-public.dot.state.mn.us/edocs_public/DMResultSet/download?docId=38621253,Apparent Bid Results 06-07-2024,38621253.0,2025-11-22T17:45:59.361442,success,c:\Users\Richard\code\CSI_Proj\data\downloads\MN\MN_38621253.0.pdf,,2025-11-22T18:15:59.556979
MN,2024.0,https://edocs-public.dot.state.mn.us/edocs_public/DMResultSet/download?docId=38628060,Apparent Bid Results 06-21-2024,38628060.0,2025-11-22T17:45:59.361442,success,c:\Users\Richard\code\CSI_Proj\data\downloads\MN\MN_38628060.0.pdf,,2025-11-22T18:16:01.607587
MN,2024.0,https://edocs-public.dot.state.mn.us/edocs_public/DMResultSet/download?docId=38646111,Apparent Bid Results 07-26-2024,38646111.0,2025-11-22T17:45:59.361442,success,c:\Users\Richard\code\CSI_Proj\data\downloads\MN\MN_38646111.0.pdf,,2025-11-22T18:16:03.647849
MN,2024.0,https://edocs-public.dot.state.mn.us/edocs_public/DMResultSet/download?docId=38659395,Apparent Bid Results 08-23-2024,38659395.0,2025-11-22T17:45:59.361442,success,c:\Users\Richard\code\CSI_Proj\data\downloads\MN\MN_38659395.0.pdf,,2025-11-22T18:16:05.846782
MN,2024.0,https://edocs-public.dot.state.mn.us/edocs_public/DMResultSet/download?docId=38679740,Apparent Bid Results 09-27-2024,38679740.0,2025-11-22T17:45:59.361442,success,c:\Users\Richard\code\CSI_Proj\data\downloads\MN\MN_38679740.0.pdf,,2025-11-22T18:16:08.024434
MN,2024.0,https://edocs-public.dot.state.mn.us/edocs_public/DMResultSet/download?docId=38692711,Apparent Bid Results 10-25-2024,38692711.0,2025-11-22T17:45:59.361442,success,c:\Users\Richard\code\CSI_Proj\data\downloads\MN\MN_38692711.0.pdf,,2025-11-22T18:16:10.216874
MN,2024.0,https://edocs-public.dot.state.mn.us/edocs_public/DMResultSet/download?docId=38696992,Apparent Bid Results 05-17-2024,38696992.0,2025-11-22T17:45:59.361442,success,c:\Users\Richard\code\CSI_Proj\data\downloads\MN\MN_38696992.0.pdf,,2025-11-22T18:16:12.569985
MN,2024.0,https://edocs-public.dot.state.mn.us/edocs_public/DMResultSet/download?docId=38708534,Apparent Bid Results 11-22-2024,38708534.0,2025-11-22T17:45:59.361442,success,c:\Users\Richard\code\CSI_Proj\data\downloads\MN\MN_38708534.0.pdf,,2025-11-22T18:16:14.793587
MN,2024.0,https://edocs-public.dot.state.mn.us/edocs_public/DMResultSet/download?docId=38717999,Apparent Bid Results 12-06-2024,38717999.0,2025-11-22T17:45:59.361442,success,c:\Users\Richard\code\CSI_Proj\data\downloads\MN\MN_38717999.0.pdf,,2025-11-22T18:16:17.041096
MN,2025.0,https://edocs-public.dot.state.mn.us/edocs_public/DMResultSet/download?docId=38749733,Apparent Bid Results 01-29-2025,38749733.0,2025-11-22T17:45:59.361442,success,c:\Users\Richard\code\CSI_Proj\data\downloads\MN\MN_38749733.0.pdf,,2025-11-22T18:16:19.255604
MN,2025.0,https://edocs-public.dot.state.mn.us/edocs_public/DMResultSet/download?docId=38754124,Apparent Bid Results 02-05-2025,38754124.0,2025-11-22T17:45:59.361442,success,c:\Users\Richard\code\CSI_Proj\data\downloads\MN\MN_38754124.0.pdf,,2025-11-22T18:16:21.312676
MN,2025.0,https://edocs-public.dot.state.mn.us/edocs_public/DMResultSet/download?docId=38755764,Apparent Bid Results 02-07-2025,38755764.0,2025-11-22T17:45:59.361442,success,c:\Users\Richard\code\CSI_Proj\data\downloads\MN\MN_38755764.0.pdf,,2025-11-22T18:16:23.467641
MN,2025.0,https://edocs-public.dot.state.mn.us/edocs_public/DMResultSet/download?docId=38767796,Apparent Bid Results 02-26-2025,38767796.0,2025-11-22T17:45:59.361442,success,c:\Users\Richard\code\CSI_Proj\data\downloads\MN\MN_38767796.0.pdf,,2025-11-22T18:16:25.637455
MN,2025.0,https://edocs-public.dot.state.mn.us/edocs_public/DMResultSet/download?docId=38789739,Apparent Bid Results 03-26-2025,38789739.0,2025-11-22T17:45:59.361442,success,c:\Users\Richard\code\CSI_Proj\data\downloads\MN\MN_38789739.0.pdf,,2025-11-22T18:16:27.914770
MN,2025.0,https://edocs-public.dot.state.mn.us/edocs_public/DMResultSet/download?docId=38793987,Apparent Bid Results 04-02-2025,38793987.0,2025-11-22T17:45:59.361442,success,c:\Users\Richard\code\CSI_Proj\data\downloads\MN\MN_38793987.0.pdf,,2025-11-22T18:16:30.068301
MN,2025.0,https://edocs-public.dot.state.mn.us/edocs_public/DMResultSet/download?docId=38803828,Apparent Bid Results 04-16-2025,38803828.0,2025-11-22T17:45:59.361442,success,c:\Users\Richard\code\CSI_Proj\data\downloads\MN\MN_38803828.0.pdf,,2025-11-22T18:16:32.275033
MN,2025.0,https://edocs-public.dot.state.mn.us/edocs_public/DMResultSet/download?docId=38807180,Apparent Bid Results 04-23-2025,38807180.0,2025-11-22T17:45:59.361442,success,c:\Users\Richard\code\CSI_Proj\data\downloads\MN\MN_38807180.0.pdf,,2025-11-22T18:16:34.525151
MN,2025.0,https://edocs-public.dot.state.mn.us/edocs_public/DMResultSet/download?docId=38813960,Apparent Bid Results 05-07-2025,38813960.0,2025-11-22T17:45:59.361442,success,c:\Users\Richard\code\CSI_Proj\data\downloads\MN\MN_38813960.0.pdf,,2025-11-22T18:16:36.733692
MN,2025.0,https://edocs-public.dot.state.mn.us/edocs_public/DMResultSet/download?docId=38821969,Apparent Bid Results 05-21-2025,38821969.0,2025-11-22T17:45:59.361442,success,c:\Users\Richard\code\CSI_Proj\data\downloads\MN\MN_38821969.0.pdf,,2025-11-22T18:16:38.845751
MN,2025.0,https://edocs-public.dot.state.mn.us/edocs_public/DMResultSet/download?docId=38897767,Apparent Bid Results 06-11-2025,38897767.0,2025-11-22T17:45:59.361442,success,c:\Users\Richard\code\CSI_Proj\data\downloads\MN\MN_38897767.0.pdf,,2025-11-22T18:16:41.173354
MN,2025.0,https://edocs-public.dot.state.mn.us/edocs_public/DMResultSet/download?docId=38906330,Apparent Bid Results 06-25-2025,38906330.0,2025-11-22T17:45:59.361442,success,c:\Users\Richard\code\CSI_Proj\data\downloads\MN\MN_38906330.0.pdf,,2025-11-22T18:16:43.345927
MN,2025.0,https://edocs-public.dot.state.mn.us/edocs_public/DMResultSet/download?docId=38927916,Apparent Bid Results 07-23-2025,38927916.0,2025-11-22T17:45:59.361442,success,c:\Users\Richard\code\CSI_Proj\data\downloads\MN\MN_38927916.0.pdf,,2025-11-22T18:16:45.401011
MN,2025.0,https://edocs-public.dot.state.mn.us/edocs_public/DMResultSet/download?docId=38945095,Apparent Bid Results 08-20-2025,38945095.0,2025-11-22T17:45:59.361442,success,c:\Users\Richard\code\CSI_Proj\data\downloads\MN\MN_38945095.0.pdf,,2025-11-22T18:16:47.603308
MN,2025.0,https://edocs-public.dot.state.mn.us/edocs_public/DMResultSet/download?docId=38967666,Apparent Bid Results 09-24-2025,38967666.0,2025-11-22T17:45:59.361442,success,c:\Users\Richard\code\CSI_Proj\data\downloads\MN\MN_38967666.0.pdf,,2025-11-22T18:16:49.828055
MN,2025.0,https://edocs-public.dot.state.mn.us/edocs_public/DMResultSet/download?docId=38977578,Apparent Bid Results 10-08-2025,38977578.0,2025-11-22T17:45:59.361442,success,c:\Users\Richard\code\CSI_Proj\data\downloads\MN\MN_38977578.0.pdf,,2025-11-22T18:16:51.980264
MN,2025.0,https://edocs-public.dot.state.mn.us/edocs_public/DMResultSet/download?docId=38988894,Apparent Bid Results 10-22-2025,38988894.0,2025-11-22T17:45:59.361442,success,c:\Users\Richard\code\CSI_Proj\data\downloads\MN\MN_38988894.0.pdf,,2025-11-22T18:16:54.117350
MN,2025.0,https://edocs-public.dot.state.mn.us/edocs_public/DMResultSet/download?docId=39009352,Apparent Bid Results 11-19-2025,39009352.0,2025-11-22T17:45:59.361442,success,c:\Users\Richard\code\CSI_Proj\data\downloads\MN\MN_39009352.0.pdf,,2025-11-22T18:16:56.315342
SD,2025.0,https://apps.sd.gov/HC65C2C/EBS/lettings/09172025final.pdf,"September 17, 2025",,2025-11-22T18:11:44.275703,success,c:\Users\Richard\code\CSI_Proj\data\downloads\SD\SD_September_17_2025.pdf,,2025-11-22T18:16:58.624682
SD,2025.0,https://apps.sd.gov/HC65C2C/EBS/lettings/09032025final.pdf,"September 3, 2025",,2025-11-22T18:11:44.275703,success,c:\Users\Richard\code\CSI_Proj\data\downloads\SD\SD_September_3_2025.pdf,,2025-11-22T18:17:00.500101
SD,2025.0,https://apps.sd.gov/HC65C2C/EBS/lettings/08272025final.pdf,"August 27, 2025",,2025-11-22T18:11:44.275703,failed,,404 Client Error: Not Found for url: https://apps.sd.gov/HC65C2C/EBS/lettings/08272025final.pdf,2025-11-22T18:17:06.880944
SD,2025.0,https://apps.sd.gov/HC65C2C/EBS/lettings/08262025final.pdf,"August 26, 2025",,2025-11-22T18:11:44.275703,success,c:\Users\Richard\code\CSI_Proj\data\downloads\SD\SD_August_26_2025.pdf,,2025-11-22T18:17:08.894861
SD,2025.0,https://apps.sd.gov/HC65C2C/EBS/lettings/08062025final.pdf,"August 6, 2025",,2025-11-22T18:11:44.275703,success,c:\Users\Richard\code\CSI_Proj\data\downloads\SD\SD_August_6_2025.pdf,,2025-11-22T18:17:10.927074
SD,2025.0,https://apps.sd.gov/HC65C2C/EBS/lettings/07162025final.pdf,"July 16, 2025",,2025-11-22T18:11:44.275703,success,c:\Users\Richard\code\CSI_Proj\data\downloads\SD\SD_July_16_2025.pdf,,2025-11-22T18:17:12.768899
SD,2025.0,https://apps.sd.gov/HC65C2C/EBS/lettings/07022025final.pdf,"July 2, 2025",,2025-11-22T18:11:44.275703,success,c:\Users\Richard\code\CSI_Proj\data\downloads\SD\SD_July_2_2025.pdf,,2025-11-22T18:17:14.694877
SD,2025.0,https://apps.sd.gov/HC65C2C/EBS/lettings/06042025final.pdf,"June 4, 2025",,2025-11-22T18:11:44.275703,success,c:\Users\Richard\code\CSI_Proj\data\downloads\SD\SD_June_4_2025.pdf,,2025-11-22T18:17:16.599442
SD,2025.0,https://apps.sd.gov/HC65C2C/EBS/lettings/05212025final.pdf,"May 21, 2025",,2025-11-22T18:11:44.275703,success,c:\Users\Richard\code\CSI_Proj\data\downloads\SD\SD_May_21_2025.pdf,,2025-11-22T18:17:18.667111
SD,2025.0,https://apps.sd.gov/HC65C2C/EBS/lettings/05072025final.pdf,"May 7, 2025",,2025-11-22T18:11:44.275703,success,c:\Users\Richard\code\CSI_Proj\data\downloads\SD\SD_May_7_2025.pdf,,2025-11-22T18:17:20.619005
SD,2025.0,https://apps.sd.gov/HC65C2C/EBS/lettings/04162025final.pdf,"April 16, 2025",,2025-11-22T18:11:44.275703,success,c:\Users\Richard\code\CSI_Proj\data\downloads\SD\SD_April_16_2025.pdf,,2025-11-22T18:17:22.599044
SD,2025.0,https://apps.sd.gov/HC65C2C/EBS/lettings/04022025final.pdf,"April 2, 2025",,2025-11-22T18:11:44.275703,success,c:\Users\Richard\code\CSI_Proj\data\downloads\SD\SD_April_2_2025.pdf,,2025-11-22T18:17:24.836747
SD,2025.0,https://apps.sd.gov/HC65C2C/EBS/lettings/03262025final.pdf,"March 26, 2025",,2025-11-22T18:11:44.275703,success,c:\Users\Richard\code\CSI_Proj\data\downloads\SD\SD_March_26_2025.pdf,,2025-11-22T18:17:26.621603
SD,2025.0,https://apps.sd.gov/HC65C2C/EBS/lettings/03192025final.pdf,"March 19, 2025",,2025-11-22T18:11:44.275703,success,c:\Users\Richard\code\CSI_Proj\data\downloads\SD\SD_March_19_2025.pdf,,2025-11-22T18:17:28.431730
SD,2025.0,https://apps.sd.gov/HC65C2C/EBS/lettings/03122025final.pdf,"March 12, 2025",,2025-11-22T18:11:44.275703,success,c:\Users\Richard\code\CSI_Proj\data\downloads\SD\SD_March_12_2025.pdf,,2025-11-22T18:17:30.262707
SD,2025.0,https://apps.sd.gov/HC65C2C/EBS/lettings/03052025final.pdf,"March 5, 2025",,2025-11-22T18:11:44.275703,success,c:\Users\Richard\code\CSI_Proj\data\downloads\SD\SD_March_5_2025.pdf,,2025-11-22T18:17:32.235858
SD,2025.0,https://apps.sd.gov/HC65C2C/EBS/lettings/02192025final.pdf,"February 19, 2025",,2025-11-22T18:11:44.275703,success,c:\Users\Richard\code\CSI_Proj\data\downloads\SD\SD_February_19_2025.pdf,,2025-11-22T18:17:34.149444
SD,2025.0,https://apps.sd.gov/HC65C2C/EBS/lettings/02122025final.pdf,"February 12, 2025",,2025-11-22T18:11:44.275703,success,c:\Users\Richard\code\CSI_Proj\data\downloads\SD\SD_February_12_2025.pdf,,2025-11-22T18:17:35.922550
SD,2025.0,https://apps.sd.gov/HC65C2C/EBS/lettings/02052025final.pdf,"February 5, 2025",,2025-11-22T18:11:44.275703,success,c:\Users\Richard\code\CSI_Proj\data\downloads\SD\SD_February_5_2025.pdf,,2025-11-22T18:17:37.738554
SD,2025.0,https://apps.sd.gov/HC65C2C/EBS/lettings/01222025final.pdf,"January 22, 2025",,2025-11-22T18:11:44.275703,success,c:\Users\Richard\code\CSI_Proj\data\downloads\SD\SD_January_22_2025.pdf,,2025-11-22T18:17:39.643257
SD,2024.0,https://apps.sd.gov/HC65C2C/EBS/lettings/12112024final.pdf,"December 11, 2024",,2025-11-22T18:11:44.275703,success,c:\Users\Richard\code\CSI_Proj\data\downloads\SD\SD_December_11_2024.pdf,,2025-11-22T18:17:41.426914
SD,2024.0,https://apps.sd.gov/HC65C2C/EBS/lettings/12042024final.pdf,"December 4, 2024",,2025-11-22T18:11:44.275703,success,c:\Users\Richard\code\CSI_Proj\data\downloads\SD\SD_December_4_2024.pdf,,2025-11-22T18:17:43.443644
SD,2024.0,https://apps.sd.gov/HC65C2C/EBS/lettings/11202024final.pdf,"November 20, 2024",,2025-11-22T18:11:44.275703,success,c:\Users\Richard\code\CSI_Proj\data\downloads\SD\SD_November_20_2024.pdf,,2025-11-22T18:17:45.320285
SD,2024.0,https://apps.sd.gov/HC65C2C/EBS/lettings/11062024final.pdf,"November 6, 2024",,2025-11-22T18:11:44.275703,success,c:\Users\Richard\code\CSI_Proj\data\downloads\SD\SD_November_6_2024.pdf,,2025-11-22T18:17:47.251838
SD,2024.0,https://apps.sd.gov/HC65C2C/EBS/lettings/10162024final.pdf,"October 16, 2024",,2025-11-22T18:11:44.275703,success,c:\Users\Richard\code\CSI_Proj\data\downloads\SD\SD_October_16_2024.pdf,,2025-11-22T18:17:49.062275
SD,2024.0,https://apps.sd.gov/HC65C2C/EBS/lettings/10022024final.pdf,"October 2, 2024",,2025-11-22T18:11:44.275703,success,c:\Users\Richard\code\CSI_Proj\data\downloads\SD\SD_October_2_2024.pdf,,2025-11-22T18:17:50.890633
SD,2024.0,https://apps.sd.gov/HC65C2C/EBS/lettings/09182024final.pdf,"September 18, 2024",,2025-11-22T18:11:44.275703,success,c:\Users\Richard\code\CSI_Proj\data\downloads\SD\SD_September_18_2024.pdf,,2025-11-22T18:17:52.685427
SD,2024.0,https://apps.sd.gov/HC65C2C/EBS/lettings/09042024final.pdf,"September 4, 2024",,2025-11-22T18:11:44.275703,success,c:\Users\Richard\code\CSI_Proj\data\downloads\SD\SD_September_4_2024.pdf,,2025-11-22T18:17:54.615324
SD,2024.0,https://apps.sd.gov/HC65C2C/EBS/lettings/08212024final.pdf,"August 21, 2024",,2025-11-22T18:11:44.275703,success,c:\Users\Richard\code\CSI_Proj\data\downloads\SD\SD_August_21_2024.pdf,,2025-11-22T18:17:56.487635
SD,2024.0,https://apps.sd.gov/HC65C2C/EBS/lettings/08072024final.pdf,"August 7, 2024",,2025-11-22T18:11:44.275703,success,c:\Users\Richard\code\CSI_Proj\data\downloads\SD\SD_August_7_2024.pdf,,2025-11-22T18:17:58.446139
SD,2024.0,https://apps.sd.gov/HC65C2C/EBS/lettings/07172024final.pdf,"July 17, 2024",,2025-11-22T18:11:44.275703,success,c:\Users\Richard\code\CSI_Proj\data\downloads\SD\SD_July_17_2024.pdf,,2025-11-22T18:18:00.285916
SD,2024.0,https://apps.sd.gov/HC65C2C/EBS/lettings/06262024final.pdf,"June 26, 2024",,2025-11-22T18:11:44.275703,success,c:\Users\Richard\code\CSI_Proj\data\downloads\SD\SD_June_26_2024.pdf,,2025-11-22T18:18:02.184803
SD,2024.0,https://apps.sd.gov/HC65C2C/EBS/lettings/06052024final.pdf,"June 5, 2024",,2025-11-22T18:11:44.275703,success,c:\Users\Richard\code\CSI_Proj\data\downloads\SD\SD_June_5_2024.pdf,,2025-11-22T18:18:04.140165
SD,2024.0,https://apps.sd.gov/HC65C2C/EBS/lettings/05152024final.pdf,"May 15, 2024",,2025-11-22T18:11:44.275703,success,c:\Users\Richard\code\CSI_Proj\data\downloads\SD\SD_May_15_2024.pdf,,2025-11-22T18:18:06.006895
SD,2024.0,https://apps.sd.gov/HC65C2C/EBS/lettings/05012024final.pdf,"May 1, 2024",,2025-11-22T18:11:44.275703,success,c:\Users\Richard\code\CSI_Proj\data\downloads\SD\SD_May_1_2024.pdf,,2025-11-22T18:18:07.893129
SD,2024.0,https://apps.sd.gov/HC65C2C/EBS/lettings/04172024final.pdf,"April 17, 2024",,2025-11-22T18:11:44.275703,success,c:\Users\Richard\code\CSI_Proj\data\downloads\SD\SD_April_17_2024.pdf,,2025-11-22T18:18:09.791028
SD,2024.0,https://apps.sd.gov/HC65C2C/EBS/lettings/04042024final.pdf,"April 4, 2024",,2025-11-22T18:11:44.275703,success,c:\Users\Richard\code\CSI_Proj\data\downloads\SD\SD_April_4_2024.pdf,,2025-11-22T18:18:11.696064
SD,2024.0,https://apps.sd.gov/HC65C2C/EBS/lettings/03202024final.pdf,"March 20, 2024",,2025-11-22T18:11:44.275703,success,c:\Users\Richard\code\CSI_Proj\data\downloads\SD\SD_March_20_2024.pdf,,2025-11-22T18:18:13.549409
SD,2024.0,https://apps.sd.gov/HC65C2C/EBS/lettings/03062024final.pdf,"March 6, 2024",,2025-11-22T18:11:44.275703,success,c:\Users\Richard\code\CSI_Proj\data\downloads\SD\SD_March_6_2024.pdf,,2025-11-22T18:18:15.413318
SD,2024.0,https://apps.sd.gov/HC65C2C/EBS/lettings/02272024final.pdf,"Februrary 27, 2024",,2025-11-22T18:11:44.275703,success,c:\Users\Richard\code\CSI_Proj\data\downloads\SD\SD_Februrary_27_2024.pdf,,2025-11-22T18:18:17.330429
SD,2024.0,https://apps.sd.gov/HC65C2C/EBS/lettings/02212024final.pdf,"February 21, 2024",,2025-11-22T18:11:44.275703,failed,,404 Client Error: Not Found for url: https://apps.sd.gov/HC65C2C/EBS/lettings/02212024final.pdf,2025-11-22T18:18:23.555403
SD,2024.0,https://apps.sd.gov/HC65C2C/EBS/lettings/02072024final.pdf,"February 7, 2024",,2025-11-22T18:11:44.275703,success,c:\Users\Richard\code\CSI_Proj\data\downloads\SD\SD_February_7_2024.pdf,,2025-11-22T18:18:25.440392
SD,2024.0,https://apps.sd.gov/HC65C2C/EBS/lettings/01172024final.pdf,"January 17, 2024",,2025-11-22T18:11:44.275703,success,c:\Users\Richard\code\CSI_Proj\data\downloads\SD\SD_January_17_2024.pdf,,2025-11-22T18:18:27.375407
SD,2023.0,https://apps.sd.gov/HC65C2C/EBS/lettings/12132023final.pdf,"December 13, 2023",,2025-11-22T18:11:44.275703,success,c:\Users\Richard\code\CSI_Proj\data\downloads\SD\SD_December_13_2023.pdf,,2025-11-22T18:18:29.234421
SD,2023.0,https://apps.sd.gov/HC65C2C/EBS/lettings/12062023final.pdf,"December 6, 2023",,2025-11-22T18:11:44.275703,success,c:\Users\Richard\code\CSI_Proj\data\downloads\SD\SD_December_6_2023.pdf,,2025-11-22T18:18:31.225204
SD,2023.0,https://apps.sd.gov/HC65C2C/EBS/lettings/11152023final.pdf,"November 15, 2023",,2025-11-22T18:11:44.275703,success,c:\Users\Richard\code\CSI_Proj\data\downloads\SD\SD_November_15_2023.pdf,,2025-11-22T18:18:33.274558
SD,2023.0,https://apps.sd.gov/HC65C2C/EBS/lettings/11082023final.pdf,"November 8, 2023",,2025-11-22T18:11:44.275703,success,c:\Users\Richard\code\CSI_Proj\data\downloads\SD\SD_November_8_2023.pdf,,2025-11-22T18:18:35.678234
SD,2023.0,https://apps.sd.gov/HC65C2C/EBS/lettings/11012023final.pdf,"November 1, 2023",,2025-11-22T18:11:44.275703,success,c:\Users\Richard\code\CSI_Proj\data\downloads\SD\SD_November_1_2023.pdf,,2025-11-22T18:18:37.727074
SD,2023.0,https://apps.sd.gov/HC65C2C/EBS/lettings/10182023final.pdf,"October 18, 2023",,2025-11-22T18:11:44.275703,success,c:\Users\Richard\code\CSI_Proj\data\downloads\SD\SD_October_18_2023.pdf,,2025-11-22T18:18:39.521839
SD,2023.0,https://apps.sd.gov/HC65C2C/EBS/lettings/10042023final.pdf,"October 4, 2023",,2025-11-22T18:11:44.275703,success,c:\Users\Richard\code\CSI_Proj\data\downloads\SD\SD_October_4_2023.pdf,,2025-11-22T18:18:41.369895
SD,2023.0,https://apps.sd.gov/HC65C2C/EBS/lettings/09202023final.pdf,"September 20, 2023",,2025-11-22T18:11:44.275703,success,c:\Users\Richard\code\CSI_Proj\data\downloads\SD\SD_September_20_2023.pdf,,2025-11-22T18:18:43.207931
SD,2023.0,https://apps.sd.gov/HC65C2C/EBS/lettings/09062023final.pdf,"September 6, 2023",,2025-11-22T18:11:44.275703,success,c:\Users\Richard\code\CSI_Proj\data\downloads\SD\SD_September_6_2023.pdf,,2025-11-22T18:18:45.553740
SD,2023.0,https://apps.sd.gov/HC65C2C/EBS/lettings/08162023final.pdf,"August 16, 2023",,2025-11-22T18:11:44.275703,success,c:\Users\Richard\code\CSI_Proj\data\downloads\SD\SD_August_16_2023.pdf,,2025-11-22T18:18:48.820281
SD,2023.0,https://apps.sd.gov/HC65C2C/EBS/lettings/08102023final.pdf,"August 10, 2023",,2025-11-22T18:11:44.275703,success,c:\Users\Richard\code\CSI_Proj\data\downloads\SD\SD_August_10_2023.pdf,,2025-11-22T18:18:50.721636
SD,2023.0,https://apps.sd.gov/HC65C2C/EBS/lettings/07192023final.pdf,"July 19, 2023",,2025-11-22T18:11:44.275703,success,c:\Users\Richard\code\CSI_Proj\data\downloads\SD\SD_July_19_2023.pdf,,2025-11-22T18:18:52.631968
SD,2023.0,https://apps.sd.gov/HC65C2C/EBS/lettings/06212023final.pdf,"June 21, 2023",,2025-11-22T18:11:44.275703,success,c:\Users\Richard\code\CSI_Proj\data\downloads\SD\SD_June_21_2023.pdf,,2025-11-22T18:18:55.105736
SD,2023.0,https://apps.sd.gov/HC65C2C/EBS/lettings/06072023final.pdf,"June 7, 2023",,2025-11-22T18:11:44.275703,success,c:\Users\Richard\code\CSI_Proj\data\downloads\SD\SD_June_7_2023.pdf,,2025-11-22T18:18:56.918202
SD,2023.0,https://apps.sd.gov/HC65C2C/EBS/lettings/05172023final.pdf,"May 17, 2023",,2025-11-22T18:11:44.275703,success,c:\Users\Richard\code\CSI_Proj\data\downloads\SD\SD_May_17_2023.pdf,,2025-11-22T18:18:58.752173
SD,2023.0,https://apps.sd.gov/HC65C2C/EBS/lettings/05032023final.pdf,"May 3, 2023",,2025-11-22T18:11:44.275703,success,c:\Users\Richard\code\CSI_Proj\data\downloads\SD\SD_May_3_2023.pdf,,2025-11-22T18:19:00.597274
SD,2023.0,https://apps.sd.gov/HC65C2C/EBS/lettings/04192023final.pdf,"April 19, 2023",,2025-11-22T18:11:44.275703,success,c:\Users\Richard\code\CSI_Proj\data\downloads\SD\SD_April_19_2023.pdf,,2025-11-22T18:19:02.358866
SD,2023.0,https://apps.sd.gov/HC65C2C/EBS/lettings/04052023final.pdf,"April 5, 2023",,2025-11-22T18:11:44.275703,success,c:\Users\Richard\code\CSI_Proj\data\downloads\SD\SD_April_5_2023.pdf,,2025-11-22T18:19:04.170518
SD,2023.0,https://apps.sd.gov/HC65C2C/EBS/lettings/03222023final.pdf,"March 22, 2023",,2025-11-22T18:11:44.275703,success,c:\Users\Richard\code\CSI_Proj\data\downloads\SD\SD_March_22_2023.pdf,,2025-11-22T18:19:06.136548
SD,2023.0,https://apps.sd.gov/HC65C2C/EBS/lettings/03012023final.pdf,"March 1, 2023",,2025-11-22T18:11:44.275703,success,c:\Users\Richard\code\CSI_Proj\data\downloads\SD\SD_March_1_2023.pdf,,2025-11-22T18:19:08.348379
SD,2023.0,https://apps.sd.gov/HC65C2C/EBS/lettings/02152023final.pdf,"February, 15 2023",,2025-11-22T18:11:44.275703,success,c:\Users\Richard\code\CSI_Proj\data\downloads\SD\SD_February_15_2023.pdf,,2025-11-22T18:19:10.165271
SD,2023.0,https://apps.sd.gov/HC65C2C/EBS/lettings/02012023final.pdf,"Februray 1, 2023",,2025-11-22T18:11:44.275703,success,c:\Users\Richard\code\CSI_Proj\data\downloads\SD\SD_Februray_1_2023.pdf,,2025-11-22T18:19:12.009698
SD,2023.0,https://apps.sd.gov/HC65C2C/EBS/lettings/01112023final.pdf,"January 11, 2023",,2025-11-22T18:11:44.275703,success,c:\Users\Richard\code\CSI_Proj\data\downloads\SD\SD_January_11_2023.pdf,,2025-11-22T18:19:14.038294
SD,2022.0,https://apps.sd.gov/HC65C2C/EBS/lettings/12142022final.pdf,"December 14, 2022",,2025-11-22T18:11:44.275703,success,c:\Users\Richard\code\CSI_Proj\data\downloads\SD\SD_December_14_2022.pdf,,2025-11-22T18:19:15.916180
SD,2022.0,https://apps.sd.gov/HC65C2C/EBS/lettings/12072022final.pdf,"December 7, 2022",,2025-11-22T18:11:44.275703,success,c:\Users\Richard\code\CSI_Proj\data\downloads\SD\SD_December_7_2022.pdf,,2025-11-22T18:19:17.735454
SD,2022.0,https://apps.sd.gov/HC65C2C/EBS/lettings/11162022final.pdf,"November 16, 2022",,2025-11-22T18:11:44.275703,success,c:\Users\Richard\code\CSI_Proj\data\downloads\SD\SD_November_16_2022.pdf,,2025-11-22T18:19:19.575846
SD,2022.0,https://apps.sd.gov/HC65C2C/EBS/lettings/11022022final.pdf,"November 2, 2022",,2025-11-22T18:11:44.275703,success,c:\Users\Richard\code\CSI_Proj\data\downloads\SD\SD_November_2_2022.pdf,,2025-11-22T18:19:21.509713
SD,2022.0,https://apps.sd.gov/HC65C2C/EBS/lettings/10212022final.pdf,"October 21, 2022",,2025-11-22T18:11:44.275703,success,c:\Users\Richard\code\CSI_Proj\data\downloads\SD\SD_October_21_2022.pdf,,2025-11-22T18:19:23.466373
SD,2022.0,https://apps.sd.gov/HC65C2C/EBS/lettings/10192022final.pdf,"October 19, 2022",,2025-11-22T18:11:44.275703,success,c:\Users\Richard\code\CSI_Proj\data\downloads\SD\SD_October_19_2022.pdf,,2025-11-22T18:19:25.561189
SD,2022.0,https://apps.sd.gov/HC65C2C/EBS/lettings/10052022final.pdf,"October 5, 2022",,2025-11-22T18:11:44.275703,success,c:\Users\Richard\code\CSI_Proj\data\downloads\SD\SD_October_5_2022.pdf,,2025-11-22T18:19:27.459756
SD,2022.0,https://apps.sd.gov/HC65C2C/EBS/lettings/09212022final.pdf,"September 21, 2022",,2025-11-22T18:11:44.275703,success,c:\Users\Richard\code\CSI_Proj\data\downloads\SD\SD_September_21_2022.pdf,,2025-11-22T18:19:29.375038
SD,2022.0,https://apps.sd.gov/HC65C2C/EBS/lettings/09072022final.pdf,"September 7, 2022",,2025-11-22T18:11:44.275703,success,c:\Users\Richard\code\CSI_Proj\data\downloads\SD\SD_September_7_2022.pdf,,2025-11-22T18:19:31.225198
SD,2022.0,https://apps.sd.gov/HC65C2C/EBS/lettings/08172022final.pdf,"August 17, 2022",,2025-11-22T18:11:44.275703,success,c:\Users\Richard\code\CSI_Proj\data\downloads\SD\SD_August_17_2022.pdf,,2025-11-22T18:19:33.031971
SD,2022.0,https://apps.sd.gov/HC65C2C/EBS/lettings/07202022final.pdf,"July 20, 2022",,2025-11-22T18:11:44.275703,success,c:\Users\Richard\code\CSI_Proj\data\downloads\SD\SD_July_20_2022.pdf,,2025-11-22T18:19:34.919025
SD,2022.0,https://apps.sd.gov/HC65C2C/EBS/lettings/06152022final.pdf,"June 15, 2022",,2025-11-22T18:11:44.275703,success,c:\Users\Richard\code\CSI_Proj\data\downloads\SD\SD_June_15_2022.pdf,,2025-11-22T18:19:36.874001
SD,2022.0,https://apps.sd.gov/HC65C2C/EBS/lettings/06012022final.pdf,"June 1, 2022",,2025-11-22T18:11:44.275703,success,c:\Users\Richard\code\CSI_Proj\data\downloads\SD\SD_June_1_2022.pdf,,2025-11-22T18:19:38.727696
SD,2022.0,https://apps.sd.gov/HC65C2C/EBS/lettings/05182022final.pdf,"May 18, 2022",,2025-11-22T18:11:44.275703,success,c:\Users\Richard\code\CSI_Proj\data\downloads\SD\SD_May_18_2022.pdf,,2025-11-22T18:19:40.720479
SD,2022.0,https://apps.sd.gov/HC65C2C/EBS/lettings/05112022final.pdf,"May 11, 2022",,2025-11-22T18:11:44.275703,success,c:\Users\Richard\code\CSI_Proj\data\downloads\SD\SD_May_11_2022.pdf,,2025-11-22T18:19:42.685408
SD,2022.0,https://apps.sd.gov/HC65C2C/EBS/lettings/05042022final.pdf,"May 4, 2022",,2025-11-22T18:11:44.275703,success,c:\Users\Richard\code\CSI_Proj\data\downloads\SD\SD_May_4_2022.pdf,,2025-11-22T18:19:44.502789
SD,2022.0,https://apps.sd.gov/HC65C2C/EBS/lettings/04202022final.pdf,"April 20, 2022",,2025-11-22T18:11:44.275703,success,c:\Users\Richard\code\CSI_Proj\data\downloads\SD\SD_April_20_2022.pdf,,2025-11-22T18:19:46.707836
SD,2022.0,https://apps.sd.gov/HC65C2C/EBS/lettings/04062022final.pdf,"April 6, 2022",,2025-11-22T18:11:44.275703,success,c:\Users\Richard\code\CSI_Proj\data\downloads\SD\SD_April_6_2022.pdf,,2025-11-22T18:19:48.572097
SD,2022.0,https://apps.sd.gov/HC65C2C/EBS/lettings/03162022final.pdf,"March 16, 2022",,2025-11-22T18:11:44.275703,success,c:\Users\Richard\code\CSI_Proj\data\downloads\SD\SD_March_16_2022.pdf,,2025-11-22T18:19:50.560923
SD,2022.0,https://apps.sd.gov/HC65C2C/EBS/lettings/03022022final.pdf,"March 2, 2022",,2025-11-22T18:11:44.275703,success,c:\Users\Richard\code\CSI_Proj\data\downloads\SD\SD_March_2_2022.pdf,,2025-11-22T18:19:52.374381
SD,2022.0,https://apps.sd.gov/HC65C2C/EBS/lettings/02162022final.pdf,"February 16, 2022",,2025-11-22T18:11:44.275703,success,c:\Users\Richard\code\CSI_Proj\data\downloads\SD\SD_February_16_2022.pdf,,2025-11-22T18:19:54.445254
SD,2022.0,https://apps.sd.gov/HC65C2C/EBS/lettings/02022022final.pdf,"February 2, 2022",,2025-11-22T18:11:44.275703,success,c:\Users\Richard\code\CSI_Proj\data\downloads\SD\SD_February_2_2022.pdf,,2025-11-22T18:19:56.335946
SD,2022.0,https://apps.sd.gov/HC65C2C/EBS/lettings/01192022final.pdf,"January 19, 2022",,2025-11-22T18:11:44.275703,success,c:\Users\Richard\code\CSI_Proj\data\downloads\SD\SD_January_19_2022.pdf,,2025-11-22T18:19:58.194597
SD,2021.0,https://apps.sd.gov/HC65C2C/EBS/lettings/12152021final.pdf,"December 15, 2021",,2025-11-22T18:11:44.275703,success,c:\Users\Richard\code\CSI_Proj\data\downloads\SD\SD_December_15_2021.pdf,,2025-11-22T18:20:00.033645
SD,2021.0,https://apps.sd.gov/HC65C2C/EBS/lettings/12012021final.pdf,"December 1, 2021",,2025-11-22T18:11:44.275703,success,c:\Users\Richard\code\CSI_Proj\data\downloads\SD\SD_December_1_2021.pdf,,2025-11-22T18:20:01.888262
SD,2021.0,https://apps.sd.gov/HC65C2C/EBS/lettings/11172021final.pdf,"November 17, 2021",,2025-11-22T18:11:44.275703,success,c:\Users\Richard\code\CSI_Proj\data\downloads\SD\SD_November_17_2021.pdf,,2025-11-22T18:20:03.707229
SD,2021.0,https://apps.sd.gov/HC65C2C/EBS/lettings/11032021final.pdf,"November 3, 2021",,2025-11-22T18:11:44.275703,success,c:\Users\Richard\code\CSI_Proj\data\downloads\SD\SD_November_3_2021.pdf,,2025-11-22T18:20:05.574011
SD,2021.0,https://apps.sd.gov/HC65C2C/EBS/lettings/10202021final.pdf,"October 20, 2021",,2025-11-22T18:11:44.275703,success,c:\Users\Richard\code\CSI_Proj\data\downloads\SD\SD_October_20_2021.pdf,,2025-11-22T18:20:07.655413
SD,2021.0,https://apps.sd.gov/HC65C2C/EBS/lettings/10062021final.pdf,"October 6, 2021",,2025-11-22T18:11:44.275703,success,c:\Users\Richard\code\CSI_Proj\data\downloads\SD\SD_October_6_2021.pdf,,2025-11-22T18:20:09.583502
SD,2021.0,https://apps.sd.gov/HC65C2C/EBS/lettings/09152021final.pdf,"September 15, 2021",,2025-11-22T18:11:44.275703,success,c:\Users\Richard\code\CSI_Proj\data\downloads\SD\SD_September_15_2021.pdf,,2025-11-22T18:20:11.626874
SD,2021.0,https://apps.sd.gov/HC65C2C/EBS/lettings/09012021final.pdf,"September 1, 2021",,2025-11-22T18:11:44.275703,success,c:\Users\Richard\code\CSI_Proj\data\downloads\SD\SD_September_1_2021.pdf,,2025-11-22T18:20:13.413021
SD,2021.0,https://apps.sd.gov/HC65C2C/EBS/lettings/08182021final.pdf,"August 18, 2021",,2025-11-22T18:11:44.275703,success,c:\Users\Richard\code\CSI_Proj\data\downloads\SD\SD_August_18_2021.pdf,,2025-11-22T18:20:15.400296
SD,2021.0,https://apps.sd.gov/HC65C2C/EBS/lettings/07212021final.pdf,"July 21, 2021",,2025-11-22T18:11:44.275703,success,c:\Users\Richard\code\CSI_Proj\data\downloads\SD\SD_July_21_2021.pdf,,2025-11-22T18:20:17.307918
SD,2021.0,https://apps.sd.gov/HC65C2C/EBS/lettings/06162021final.pdf,"June 16, 2021",,2025-11-22T18:11:44.275703,success,c:\Users\Richard\code\CSI_Proj\data\downloads\SD\SD_June_16_2021.pdf,,2025-11-22T18:20:19.175814
SD,2021.0,https://apps.sd.gov/HC65C2C/EBS/lettings/06022021final.pdf,"June 2, 2021",,2025-11-22T18:11:44.275703,success,c:\Users\Richard\code\CSI_Proj\data\downloads\SD\SD_June_2_2021.pdf,,2025-11-22T18:20:20.993484
SD,2021.0,https://apps.sd.gov/HC65C2C/EBS/lettings/05192021final.pdf,"May 19, 2021",,2025-11-22T18:11:44.275703,success,c:\Users\Richard\code\CSI_Proj\data\downloads\SD\SD_May_19_2021.pdf,,2025-11-22T18:20:23.284720
SD,2021.0,https://apps.sd.gov/HC65C2C/EBS/lettings/05052021final.pdf,"May 5, 2021",,2025-11-22T18:11:44.275703,success,c:\Users\Richard\code\CSI_Proj\data\downloads\SD\SD_May_5_2021.pdf,,2025-11-22T18:20:25.133866
SD,2021.0,https://apps.sd.gov/HC65C2C/EBS/lettings/04212021final.pdf,"April 21, 2021",,2025-11-22T18:11:44.275703,success,c:\Users\Richard\code\CSI_Proj\data\downloads\SD\SD_April_21_2021.pdf,,2025-11-22T18:20:27.359146
SD,2021.0,https://apps.sd.gov/HC65C2C/EBS/lettings/04142021final.pdf,"April 14, 2021",,2025-11-22T18:11:44.275703,success,c:\Users\Richard\code\CSI_Proj\data\downloads\SD\SD_April_14_2021.pdf,,2025-11-22T18:20:29.308023
SD,2021.0,https://apps.sd.gov/HC65C2C/EBS/lettings/03172021final.pdf,"March 17, 2021",,2025-11-22T18:11:44.275703,success,c:\Users\Richard\code\CSI_Proj\data\downloads\SD\SD_March_17_2021.pdf,,2025-11-22T18:20:31.138727
SD,2021.0,https://apps.sd.gov/HC65C2C/EBS/lettings/03032021final.pdf,"March 3, 2021",,2025-11-22T18:11:44.275703,success,c:\Users\Richard\code\CSI_Proj\data\downloads\SD\SD_March_3_2021.pdf,,2025-11-22T18:20:32.893281
SD,2021.0,https://apps.sd.gov/HC65C2C/EBS/lettings/02172021final.pdf,"February 17, 2021",,2025-11-22T18:11:44.275703,success,c:\Users\Richard\code\CSI_Proj\data\downloads\SD\SD_February_17_2021.pdf,,2025-11-22T18:20:34.894582
SD,2021.0,https://apps.sd.gov/HC65C2C/EBS/lettings/02032021final.pdf,"February 3, 2021",,2025-11-22T18:11:44.275703,success,c:\Users\Richard\code\CSI_Proj\data\downloads\SD\SD_February_3_2021.pdf,,2025-11-22T18:20:36.717383
SD,2021.0,https://apps.sd.gov/HC65C2C/EBS/lettings/01202021final.pdf,"January 20, 2021",,2025-11-22T18:11:44.275703,success,c:\Users\Richard\code\CSI_Proj\data\downloads\SD\SD_January_20_2021.pdf,,2025-11-22T18:20:38.583286
SD,2020.0,https://apps.sd.gov/HC65C2C/EBS/lettings/12092020final.pdf,"December 9, 2020",,2025-11-22T18:11:44.275703,success,c:\Users\Richard\code\CSI_Proj\data\downloads\SD\SD_December_9_2020.pdf,,2025-11-22T18:20:40.760911
SD,2020.0,https://apps.sd.gov/HC65C2C/EBS/lettings/12022020final.pdf,"December 2, 2020",,2025-11-22T18:11:44.275703,success,c:\Users\Richard\code\CSI_Proj\data\downloads\SD\SD_December_2_2020.pdf,,2025-11-22T18:20:42.563308
SD,2020.0,https://apps.sd.gov/HC65C2C/EBS/lettings/11182020final.pdf,"November 18, 2020",,2025-11-22T18:11:44.275703,success,c:\Users\Richard\code\CSI_Proj\data\downloads\SD\SD_November_18_2020.pdf,,2025-11-22T18:20:45.044378
SD,2020.0,https://apps.sd.gov/HC65C2C/EBS/lettings/11042020final.pdf,"November 4, 2020",,2025-11-22T18:11:44.275703,success,c:\Users\Richard\code\CSI_Proj\data\downloads\SD\SD_November_4_2020.pdf,,2025-11-22T18:20:46.968236
SD,2020.0,https://apps.sd.gov/HC65C2C/EBS/lettings/10212020final.pdf,"October 21, 2020",,2025-11-22T18:11:44.275703,success,c:\Users\Richard\code\CSI_Proj\data\downloads\SD\SD_October_21_2020.pdf,,2025-11-22T18:20:48.902645
SD,2020.0,https://apps.sd.gov/HC65C2C/EBS/lettings/10072020final.pdf,"October 7, 2020",,2025-11-22T18:11:44.275703,success,c:\Users\Richard\code\CSI_Proj\data\downloads\SD\SD_October_7_2020.pdf,,2025-11-22T18:20:50.767458
SD,2020.0,https://apps.sd.gov/HC65C2C/EBS/lettings/09162020final.pdf,"September 16, 2020",,2025-11-22T18:11:44.275703,success,c:\Users\Richard\code\CSI_Proj\data\downloads\SD\SD_September_16_2020.pdf,,2025-11-22T18:20:52.633294
SD,2020.0,https://apps.sd.gov/HC65C2C/EBS/lettings/09022020final.pdf,"September 2, 2020",,2025-11-22T18:11:44.275703,success,c:\Users\Richard\code\CSI_Proj\data\downloads\SD\SD_September_2_2020.pdf,,2025-11-22T18:20:54.603086
SD,2020.0,https://apps.sd.gov/HC65C2C/EBS/lettings/08192020final.pdf,"August 19, 2020",,2025-11-22T18:11:44.275703,success,c:\Users\Richard\code\CSI_Proj\data\downloads\SD\SD_August_19_2020.pdf,,2025-11-22T18:20:56.441726
SD,2020.0,https://apps.sd.gov/HC65C2C/EBS/lettings/08052020final.pdf,"August 5, 2020",,2025-11-22T18:11:44.275703,success,c:\Users\Richard\code\CSI_Proj\data\downloads\SD\SD_August_5_2020.pdf,,2025-11-22T18:20:58.337878
SD,2020.0,https://apps.sd.gov/HC65C2C/EBS/lettings/07152020final.pdf,"July 15, 2020",,2025-11-22T18:11:44.275703,success,c:\Users\Richard\code\CSI_Proj\data\downloads\SD\SD_July_15_2020.pdf,,2025-11-22T18:21:00.173441
SD,2020.0,https://apps.sd.gov/HC65C2C/EBS/lettings/06172020final.pdf,"June 17, 2020",,2025-11-22T18:11:44.275703,success,c:\Users\Richard\code\CSI_Proj\data\downloads\SD\SD_June_17_2020.pdf,,2025-11-22T18:21:01.972927
SD,2020.0,https://apps.sd.gov/HC65C2C/EBS/lettings/06032020final.pdf,"June 3, 2020",,2025-11-22T18:11:44.275703,success,c:\Users\Richard\code\CSI_Proj\data\downloads\SD\SD_June_3_2020.pdf,,2025-11-22T18:21:03.805064
SD,2020.0,https://apps.sd.gov/HC65C2C/EBS/lettings/05202020final.pdf,"May 20, 2020",,2025-11-22T18:11:44.275703,success,c:\Users\Richard\code\CSI_Proj\data\downloads\SD\SD_May_20_2020.pdf,,2025-11-22T18:21:05.735745
SD,2020.0,https://apps.sd.gov/HC65C2C/EBS/lettings/05132020final.pdf,"May 13, 2020",,2025-11-22T18:11:44.275703,success,c:\Users\Richard\code\CSI_Proj\data\downloads\SD\SD_May_13_2020.pdf,,2025-11-22T18:21:07.601672
SD,2020.0,https://apps.sd.gov/HC65C2C/EBS/lettings/05062020final.pdf,"May 6, 2020",,2025-11-22T18:11:44.275703,success,c:\Users\Richard\code\CSI_Proj\data\downloads\SD\SD_May_6_2020.pdf,,2025-11-22T18:21:09.488036
SD,2020.0,https://apps.sd.gov/HC65C2C/EBS/lettings/04152020final.pdf,"April 15, 2020",,2025-11-22T18:11:44.275703,success,c:\Users\Richard\code\CSI_Proj\data\downloads\SD\SD_April_15_2020.pdf,,2025-11-22T18:21:11.450506
SD,2020.0,https://apps.sd.gov/HC65C2C/EBS/lettings/04012020final.pdf,"April 1, 2020",,2025-11-22T18:11:44.275703,success,c:\Users\Richard\code\CSI_Proj\data\downloads\SD\SD_April_1_2020.pdf,,2025-11-22T18:21:13.436877
SD,2020.0,https://apps.sd.gov/HC65C2C/EBS/lettings/03252020final.pdf,"March 25, 2020",,2025-11-22T18:11:44.275703,success,c:\Users\Richard\code\CSI_Proj\data\downloads\SD\SD_March_25_2020.pdf,,2025-11-22T18:21:15.335371
SD,2020.0,https://apps.sd.gov/HC65C2C/EBS/lettings/03042020final.pdf,"March 4, 2020",,2025-11-22T18:11:44.275703,success,c:\Users\Richard\code\CSI_Proj\data\downloads\SD\SD_March_4_2020.pdf,,2025-11-22T18:21:17.228143
SD,2020.0,https://apps.sd.gov/HC65C2C/EBS/lettings/02192020final.pdf,"February 19, 2020",,2025-11-22T18:11:44.275703,success,c:\Users\Richard\code\CSI_Proj\data\downloads\SD\SD_February_19_2020.pdf,,2025-11-22T18:21:19.178973
SD,2020.0,https://apps.sd.gov/HC65C2C/EBS/lettings/02052020final.pdf,"February 5, 2020",,2025-11-22T18:11:44.275703,success,c:\Users\Richard\code\CSI_Proj\data\downloads\SD\SD_February_5_2020.pdf,,2025-11-22T18:21:21.103966
SD,2020.0,https://apps.sd.gov/HC65C2C/EBS/lettings/01222020final.pdf,"January 22, 2020",,2025-11-22T18:11:44.275703,success,c:\Users\Richard\code\CSI_Proj\data\downloads\SD\SD_January_22_2020.pdf,,2025-11-22T18:21:23.014229
SD,2019.0,https://apps.sd.gov/HC65C2C/EBS/lettings/12112019final.pdf,"December 11, 2019",,2025-11-22T18:11:44.275703,success,c:\Users\Richard\code\CSI_Proj\data\downloads\SD\SD_December_11_2019.pdf,,2025-11-22T18:21:24.803637
SD,2019.0,https://apps.sd.gov/HC65C2C/EBS/lettings/12042019final.pdf,"December 4, 2019",,2025-11-22T18:11:44.275703,success,c:\Users\Richard\code\CSI_Proj\data\downloads\SD\SD_December_4_2019.pdf,,2025-11-22T18:21:26.657193
SD,2019.0,https://apps.sd.gov/HC65C2C/EBS/lettings/11202019final.pdf,"November 20, 2019",,2025-11-22T18:11:44.275703,success,c:\Users\Richard\code\CSI_Proj\data\downloads\SD\SD_November_20_2019.pdf,,2025-11-22T18:21:28.519189
SD,2019.0,https://apps.sd.gov/HC65C2C/EBS/lettings/11062019final.pdf,"November 6, 2019",,2025-11-22T18:11:44.275703,success,c:\Users\Richard\code\CSI_Proj\data\downloads\SD\SD_November_6_2019.pdf,,2025-11-22T18:21:30.378739
SD,2019.0,https://apps.sd.gov/HC65C2C/EBS/lettings/10162019final.pdf,"October 16, 2019",,2025-11-22T18:11:44.275703,success,c:\Users\Richard\code\CSI_Proj\data\downloads\SD\SD_October_16_2019.pdf,,2025-11-22T18:21:33.147925
SD,2019.0,https://apps.sd.gov/HC65C2C/EBS/lettings/10022019final.pdf,"October 2, 2019",,2025-11-22T18:11:44.275703,success,c:\Users\Richard\code\CSI_Proj\data\downloads\SD\SD_October_2_2019.pdf,,2025-11-22T18:21:35.067246
SD,2019.0,https://apps.sd.gov/HC65C2C/EBS/lettings/09182019final.pdf,"September 18, 2019",,2025-11-22T18:11:44.275703,success,c:\Users\Richard\code\CSI_Proj\data\downloads\SD\SD_September_18_2019.pdf,,2025-11-22T18:21:37.303586
SD,2019.0,https://apps.sd.gov/HC65C2C/EBS/lettings/09042019final.pdf,"September 4, 2019",,2025-11-22T18:11:44.275703,success,c:\Users\Richard\code\CSI_Proj\data\downloads\SD\SD_September_4_2019.pdf,,2025-11-22T18:21:39.495433
SD,2019.0,https://apps.sd.gov/HC65C2C/EBS/lettings/08212019final.pdf,"August 21, 2019",,2025-11-22T18:11:44.275703,success,c:\Users\Richard\code\CSI_Proj\data\downloads\SD\SD_August_21_2019.pdf,,2025-11-22T18:21:41.571784
SD,2019.0,https://apps.sd.gov/HC65C2C/EBS/lettings/07172019final.pdf,"July 17, 2019",,2025-11-22T18:11:44.275703,success,c:\Users\Richard\code\CSI_Proj\data\downloads\SD\SD_July_17_2019.pdf,,2025-11-22T18:21:43.374315
SD,2019.0,https://apps.sd.gov/HC65C2C/EBS/lettings/06192019final.pdf,"June 19, 2019",,2025-11-22T18:11:44.275703,success,c:\Users\Richard\code\CSI_Proj\data\downloads\SD\SD_June_19_2019.pdf,,2025-11-22T18:21:45.144280
SD,2019.0,https://apps.sd.gov/HC65C2C/EBS/lettings/06052019final.pdf,"June 5, 2019",,2025-11-22T18:11:44.275703,success,c:\Users\Richard\code\CSI_Proj\data\downloads\SD\SD_June_5_2019.pdf,,2025-11-22T18:21:47.172755
SD,2019.0,https://apps.sd.gov/HC65C2C/EBS/lettings/05152019final.pdf,"May 15, 2019",,2025-11-22T18:11:44.275703,success,c:\Users\Richard\code\CSI_Proj\data\downloads\SD\SD_May_15_2019.pdf,,2025-11-22T18:21:48.973335
SD,2019.0,https://apps.sd.gov/HC65C2C/EBS/lettings/05032019final.pdf,"May 3, 2019 University Class",,2025-11-22T18:11:44.275703,failed,,404 Client Error: Not Found for url: https://apps.sd.gov/HC65C2C/EBS/lettings/05032019final.pdf,2025-11-22T18:21:55.208815
SD,2019.0,https://apps.sd.gov/HC65C2C/EBS/lettings/05012019final.pdf,"May 1, 2019",,2025-11-22T18:11:44.275703,success,c:\Users\Richard\code\CSI_Proj\data\downloads\SD\SD_May_1_2019.pdf,,2025-11-22T18:21:57.076989
SD,2019.0,https://apps.sd.gov/HC65C2C/EBS/lettings/04172019final.pdf,"April 17, 2019",,2025-11-22T18:11:44.275703,success,c:\Users\Richard\code\CSI_Proj\data\downloads\SD\SD_April_17_2019.pdf,,2025-11-22T18:21:59.168418
SD,2019.0,https://apps.sd.gov/HC65C2C/EBS/lettings/04102019final.pdf,"April 10, 2019",,2025-11-22T18:11:44.275703,success,c:\Users\Richard\code\CSI_Proj\data\downloads\SD\SD_April_10_2019.pdf,,2025-11-22T18:22:01.030503
SD,2019.0,https://apps.sd.gov/HC65C2C/EBS/lettings/04032019final.pdf,"April 3, 2019",,2025-11-22T18:11:44.275703,success,c:\Users\Richard\code\CSI_Proj\data\downloads\SD\SD_April_3_2019.pdf,,2025-11-22T18:22:02.918094
SD,2019.0,https://apps.sd.gov/HC65C2C/EBS/lettings/03272019final.pdf,"March 27, 2019",,2025-11-22T18:11:44.275703,success,c:\Users\Richard\code\CSI_Proj\data\downloads\SD\SD_March_27_2019.pdf,,2025-11-22T18:22:04.771554
SD,2019.0,https://apps.sd.gov/HC65C2C/EBS/lettings/03202019final.pdf,"March 20, 2019",,2025-11-22T18:11:44.275703,success,c:\Users\Richard\code\CSI_Proj\data\downloads\SD\SD_March_20_2019.pdf,,2025-11-22T18:22:06.603227
SD,2019.0,https://apps.sd.gov/HC65C2C/EBS/lettings/03062019final.pdf,"March 6, 2019",,2025-11-22T18:11:44.275703,success,c:\Users\Richard\code\CSI_Proj\data\downloads\SD\SD_March_6_2019.pdf,,2025-11-22T18:22:08.409621
SD,2019.0,https://apps.sd.gov/HC65C2C/EBS/lettings/02202019final.pdf,"February 20,2019",,2025-11-22T18:11:44.275703,success,c:\Users\Richard\code\CSI_Proj\data\downloads\SD\SD_February_202019.pdf,,2025-11-22T18:22:10.221733
SD,2019.0,https://apps.sd.gov/HC65C2C/EBS/lettings/02062019final.pdf,"February 6, 2019",,2025-11-22T18:11:44.275703,success,c:\Users\Richard\code\CSI_Proj\data\downloads\SD\SD_February_6_2019.pdf,,2025-11-22T18:22:12.017521
SD,2019.0,https://apps.sd.gov/HC65C2C/EBS/lettings/01232019final.pdf,"January 23, 2019",,2025-11-22T18:11:44.275703,success,c:\Users\Richard\code\CSI_Proj\data\downloads\SD\SD_January_23_2019.pdf,,2025-11-22T18:22:13.819020
SD,2019.0,https://apps.sd.gov/HC65C2C/EBS/lettings/01162019final.pdf,"January 16, 2019",,2025-11-22T18:11:44.275703,success,c:\Users\Richard\code\CSI_Proj\data\downloads\SD\SD_January_16_2019.pdf,,2025-11-22T18:22:15.608849
SD,2018.0,https://apps.sd.gov/HC65C2C/EBS/lettings/12122018final.pdf,"December 12, 2018",,2025-11-22T18:11:44.275703,success,c:\Users\Richard\code\CSI_Proj\data\downloads\SD\SD_December_12_2018.pdf,,2025-11-22T18:22:17.429864
SD,2018.0,https://apps.sd.gov/HC65C2C/EBS/lettings/12052018final.pdf,"December 5, 2018",,2025-11-22T18:11:44.275703,success,c:\Users\Richard\code\CSI_Proj\data\downloads\SD\SD_December_5_2018.pdf,,2025-11-22T18:22:19.284865
SD,2018.0,https://apps.sd.gov/HC65C2C/EBS/lettings/11212018final.pdf,"November 21, 2018",,2025-11-22T18:11:44.275703,success,c:\Users\Richard\code\CSI_Proj\data\downloads\SD\SD_November_21_2018.pdf,,2025-11-22T18:22:21.301009
SD,2018.0,https://apps.sd.gov/HC65C2C/EBS/lettings/11072018final.pdf,"November 7, 2018",,2025-11-22T18:11:44.275703,success,c:\Users\Richard\code\CSI_Proj\data\downloads\SD\SD_November_7_2018.pdf,,2025-11-22T18:22:23.358919
SD,2018.0,https://apps.sd.gov/HC65C2C/EBS/lettings/10172018final.pdf,"October 17, 2018",,2025-11-22T18:11:44.275703,success,c:\Users\Richard\code\CSI_Proj\data\downloads\SD\SD_October_17_2018.pdf,,2025-11-22T18:22:25.220429
SD,2018.0,https://apps.sd.gov/HC65C2C/EBS/lettings/10032018final.pdf,"October 3, 2018",,2025-11-22T18:11:44.275703,success,c:\Users\Richard\code\CSI_Proj\data\downloads\SD\SD_October_3_2018.pdf,,2025-11-22T18:22:27.109976
SD,2018.0,https://apps.sd.gov/HC65C2C/EBS/lettings/09192018final.pdf,"September 19, 2018",,2025-11-22T18:11:44.275703,success,c:\Users\Richard\code\CSI_Proj\data\downloads\SD\SD_September_19_2018.pdf,,2025-11-22T18:22:28.965358
SD,2018.0,https://apps.sd.gov/HC65C2C/EBS/lettings/09122018final.pdf,"September 12, 2018",,2025-11-22T18:11:44.275703,success,c:\Users\Richard\code\CSI_Proj\data\downloads\SD\SD_September_12_2018.pdf,,2025-11-22T18:22:30.829747
SD,2018.0,https://apps.sd.gov/HC65C2C/EBS/lettings/08012018final.pdf,"August 1, 2018",,2025-11-22T18:11:44.275703,success,c:\Users\Richard\code\CSI_Proj\data\downloads\SD\SD_August_1_2018.pdf,,2025-11-22T18:22:32.716283
SD,2018.0,https://apps.sd.gov/HC65C2C/EBS/lettings/07182018final.pdf,"July 18, 2018",,2025-11-22T18:11:44.275703,success,c:\Users\Richard\code\CSI_Proj\data\downloads\SD\SD_July_18_2018.pdf,,2025-11-22T18:22:34.584550
SD,2018.0,https://apps.sd.gov/HC65C2C/EBS/lettings/06272018final.pdf,"June 27, 2018",,2025-11-22T18:11:44.275703,success,c:\Users\Richard\code\CSI_Proj\data\downloads\SD\SD_June_27_2018.pdf,,2025-11-22T18:22:36.518534
SD,2018.0,https://apps.sd.gov/HC65C2C/EBS/lettings/06202018final.pdf,"June 20, 2018",,2025-11-22T18:11:44.275703,success,c:\Users\Richard\code\CSI_Proj\data\downloads\SD\SD_June_20_2018.pdf,,2025-11-22T18:22:38.517225
SD,2018.0,https://apps.sd.gov/HC65C2C/EBS/lettings/06062018final.pdf,"June 6, 2018",,2025-11-22T18:11:44.275703,success,c:\Users\Richard\code\CSI_Proj\data\downloads\SD\SD_June_6_2018.pdf,,2025-11-22T18:22:40.466459
SD,2018.0,https://apps.sd.gov/HC65C2C/EBS/lettings/05162018final.pdf,"May 16, 2018",,2025-11-22T18:11:44.275703,success,c:\Users\Richard\code\CSI_Proj\data\downloads\SD\SD_May_16_2018.pdf,,2025-11-22T18:22:42.582800
SD,2018.0,https://apps.sd.gov/HC65C2C/EBS/lettings/05032018final.pdf,"May 3, 2018 University Class",,2025-11-22T18:11:44.275703,success,c:\Users\Richard\code\CSI_Proj\data\downloads\SD\SD_May_3_2018_University_Class.pdf,,2025-11-22T18:22:44.689922
SD,2018.0,https://apps.sd.gov/HC65C2C/EBS/lettings/05022018final.pdf,"May 2, 2018",,2025-11-22T18:11:44.275703,success,c:\Users\Richard\code\CSI_Proj\data\downloads\SD\SD_May_2_2018.pdf,,2025-11-22T18:22:46.600538
SD,2018.0,https://apps.sd.gov/HC65C2C/EBS/lettings/04182018final.pdf,"April 18, 2018",,2025-11-22T18:11:44.275703,success,c:\Users\Richard\code\CSI_Proj\data\downloads\SD\SD_April_18_2018.pdf,,2025-11-22T18:22:48.666780
SD,2018.0,https://apps.sd.gov/HC65C2C/EBS/lettings/04042018final.pdf,"April 4, 2018",,2025-11-22T18:11:44.275703,success,c:\Users\Richard\code\CSI_Proj\data\downloads\SD\SD_April_4_2018.pdf,,2025-11-22T18:22:50.608533
SD,2018.0,https://apps.sd.gov/HC65C2C/EBS/lettings/03212018final.pdf,"March 21, 2018",,2025-11-22T18:11:44.275703,success,c:\Users\Richard\code\CSI_Proj\data\downloads\SD\SD_March_21_2018.pdf,,2025-11-22T18:22:52.376284
SD,2018.0,https://apps.sd.gov/HC65C2C/EBS/lettings/03082018final.pdf,"March 8, 2018",,2025-11-22T18:11:44.275703,success,c:\Users\Richard\code\CSI_Proj\data\downloads\SD\SD_March_8_2018.pdf,,2025-11-22T18:22:54.181180
SD,2018.0,https://apps.sd.gov/HC65C2C/EBS/lettings/03072018final.pdf,"March 7, 2018",,2025-11-22T18:11:44.275703,success,c:\Users\Richard\code\CSI_Proj\data\downloads\SD\SD_March_7_2018.pdf,,2025-11-22T18:22:56.005272
SD,2018.0,https://apps.sd.gov/HC65C2C/EBS/lettings/02212018final.pdf,"February 21, 2018",,2025-11-22T18:11:44.275703,success,c:\Users\Richard\code\CSI_Proj\data\downloads\SD\SD_February_21_2018.pdf,,2025-11-22T18:22:58.039858
SD,2018.0,https://apps.sd.gov/HC65C2C/EBS/lettings/02072018final.pdf,"February 7, 2018",,2025-11-22T18:11:44.275703,success,c:\Users\Richard\code\CSI_Proj\data\downloads\SD\SD_February_7_2018.pdf,,2025-11-22T18:22:59.824465
SD,2018.0,https://apps.sd.gov/HC65C2C/EBS/lettings/01262018final.pdf,"January 26, 2018",,2025-11-22T18:11:44.275703,success,c:\Users\Richard\code\CSI_Proj\data\downloads\SD\SD_January_26_2018.pdf,,2025-11-22T18:23:01.785108
SD,2018.0,https://apps.sd.gov/HC65C2C/EBS/lettings/01242018final.pdf,"January 24, 2018",,2025-11-22T18:11:44.275703,success,c:\Users\Richard\code\CSI_Proj\data\downloads\SD\SD_January_24_2018.pdf,,2025-11-22T18:23:03.786710
SD,2017.0,https://apps.sd.gov/HC65C2C/EBS/lettings/12132017final.pdf,"December 13, 2017",,2025-11-22T18:11:44.275703,success,c:\Users\Richard\code\CSI_Proj\data\downloads\SD\SD_December_13_2017.pdf,,2025-11-22T18:23:05.578232
SD,2017.0,https://apps.sd.gov/HC65C2C/EBS/lettings/12062017final.pdf,"December 6, 2017",,2025-11-22T18:11:44.275703,success,c:\Users\Richard\code\CSI_Proj\data\downloads\SD\SD_December_6_2017.pdf,,2025-11-22T18:23:07.390878
SD,2017.0,https://apps.sd.gov/HC65C2C/EBS/lettings/11152017final.pdf,"November 15, 2017",,2025-11-22T18:11:44.275703,success,c:\Users\Richard\code\CSI_Proj\data\downloads\SD\SD_November_15_2017.pdf,,2025-11-22T18:23:09.274724
SD,2017.0,https://apps.sd.gov/HC65C2C/EBS/lettings/11012017final.pdf,"November 1, 2017",,2025-11-22T18:11:44.275703,success,c:\Users\Richard\code\CSI_Proj\data\downloads\SD\SD_November_1_2017.pdf,,2025-11-22T18:23:11.189880
SD,2017.0,https://apps.sd.gov/HC65C2C/EBS/lettings/10182017final.pdf,"October 18, 2017",,2025-11-22T18:11:44.275703,success,c:\Users\Richard\code\CSI_Proj\data\downloads\SD\SD_October_18_2017.pdf,,2025-11-22T18:23:13.104057
SD,2017.0,https://apps.sd.gov/HC65C2C/EBS/lettings/10042017final.pdf,"October 4, 2017",,2025-11-22T18:11:44.275703,success,c:\Users\Richard\code\CSI_Proj\data\downloads\SD\SD_October_4_2017.pdf,,2025-11-22T18:23:14.861731
SD,2017.0,https://apps.sd.gov/HC65C2C/EBS/lettings/09202017final.pdf,"September 20, 2017",,2025-11-22T18:11:44.275703,success,c:\Users\Richard\code\CSI_Proj\data\downloads\SD\SD_September_20_2017.pdf,,2025-11-22T18:23:16.689522
SD,2017.0,https://apps.sd.gov/HC65C2C/EBS/lettings/09062017final.pdf,"September 6, 2017",,2025-11-22T18:11:44.275703,success,c:\Users\Richard\code\CSI_Proj\data\downloads\SD\SD_September_6_2017.pdf,,2025-11-22T18:23:18.504719
SD,2017.0,https://apps.sd.gov/HC65C2C/EBS/lettings/08162017final.pdf,"August 16, 2017",,2025-11-22T18:11:44.275703,success,c:\Users\Richard\code\CSI_Proj\data\downloads\SD\SD_August_16_2017.pdf,,2025-11-22T18:23:20.322078
SD,2017.0,https://apps.sd.gov/HC65C2C/EBS/lettings/08022017final.pdf,"August 2, 2017",,2025-11-22T18:11:44.275703,success,c:\Users\Richard\code\CSI_Proj\data\downloads\SD\SD_August_2_2017.pdf,,2025-11-22T18:23:22.134715
SD,2017.0,https://apps.sd.gov/HC65C2C/EBS/lettings/07192017final.pdf,"July 19, 2017",,2025-11-22T18:11:44.275703,success,c:\Users\Richard\code\CSI_Proj\data\downloads\SD\SD_July_19_2017.pdf,,2025-11-22T18:23:24.063958
SD,2017.0,https://apps.sd.gov/HC65C2C/EBS/lettings/07122017final.pdf,"July 12, 2017",,2025-11-22T18:11:44.275703,success,c:\Users\Richard\code\CSI_Proj\data\downloads\SD\SD_July_12_2017.pdf,,2025-11-22T18:23:26.019490
SD,2017.0,https://apps.sd.gov/HC65C2C/EBS/lettings/06212017final.pdf,"June 21, 2017",,2025-11-22T18:11:44.275703,success,c:\Users\Richard\code\CSI_Proj\data\downloads\SD\SD_June_21_2017.pdf,,2025-11-22T18:23:27.911627
SD,2017.0,https://apps.sd.gov/HC65C2C/EBS/lettings/06072017final.pdf,"June 7, 2017",,2025-11-22T18:11:44.275703,success,c:\Users\Richard\code\CSI_Proj\data\downloads\SD\SD_June_7_2017.pdf,,2025-11-22T18:23:29.658061
SD,2017.0,https://apps.sd.gov/HC65C2C/EBS/lettings/05172017final.pdf,"May 17, 2017",,2025-11-22T18:11:44.275703,success,c:\Users\Richard\code\CSI_Proj\data\downloads\SD\SD_May_17_2017.pdf,,2025-11-22T18:23:31.486040
SD,2017.0,https://apps.sd.gov/HC65C2C/EBS/lettings/05042017final.pdf,"May 4, 2017 University Class",,2025-11-22T18:11:44.275703,success,c:\Users\Richard\code\CSI_Proj\data\downloads\SD\SD_May_4_2017_University_Class.pdf,,2025-11-22T18:23:33.455534
SD,2017.0,https://apps.sd.gov/HC65C2C/EBS/lettings/05032017final.pdf,"May 3, 2017",,2025-11-22T18:11:44.275703,success,c:\Users\Richard\code\CSI_Proj\data\downloads\SD\SD_May_3_2017.pdf,,2025-11-22T18:23:35.273482
SD,2017.0,https://apps.sd.gov/HC65C2C/EBS/lettings/04192017final.pdf,"April 19, 2017",,2025-11-22T18:11:44.275703,success,c:\Users\Richard\code\CSI_Proj\data\downloads\SD\SD_April_19_2017.pdf,,2025-11-22T18:23:37.235952
SD,2017.0,https://apps.sd.gov/HC65C2C/EBS/lettings/04052017final.pdf,"April 5, 2017",,2025-11-22T18:11:44.275703,success,c:\Users\Richard\code\CSI_Proj\data\downloads\SD\SD_April_5_2017.pdf,,2025-11-22T18:23:39.094773
SD,2017.0,https://apps.sd.gov/HC65C2C/EBS/lettings/03152017final.pdf,"March 15, 2017",,2025-11-22T18:11:44.275703,success,c:\Users\Richard\code\CSI_Proj\data\downloads\SD\SD_March_15_2017.pdf,,2025-11-22T18:23:40.845530
SD,2017.0,https://apps.sd.gov/HC65C2C/EBS/lettings/03012017final.pdf,"March 1, 2017",,2025-11-22T18:11:44.275703,success,c:\Users\Richard\code\CSI_Proj\data\downloads\SD\SD_March_1_2017.pdf,,2025-11-22T18:23:42.648908
SD,2017.0,https://apps.sd.gov/HC65C2C/EBS/lettings/02152017final.pdf,"February 15, 2017",,2025-11-22T18:11:44.275703,success,c:\Users\Richard\code\CSI_Proj\data\downloads\SD\SD_February_15_2017.pdf,,2025-11-22T18:23:44.575635
SD,2017.0,https://apps.sd.gov/HC65C2C/EBS/lettings/02012017final.pdf,"February 1, 2017",,2025-11-22T18:11:44.275703,success,c:\Users\Richard\code\CSI_Proj\data\downloads\SD\SD_February_1_2017.pdf,,2025-11-22T18:23:46.454109
SD,2017.0,https://apps.sd.gov/HC65C2C/EBS/lettings/01252017final.pdf,"January 25, 2017",,2025-11-22T18:11:44.275703,success,c:\Users\Richard\code\CSI_Proj\data\downloads\SD\SD_January_25_2017.pdf,,2025-11-22T18:23:48.519165
SD,2017.0,https://apps.sd.gov/HC65C2C/EBS/lettings/01182017final.pdf,"January 18, 2017",,2025-11-22T18:11:44.275703,success,c:\Users\Richard\code\CSI_Proj\data\downloads\SD\SD_January_18_2017.pdf,,2025-11-22T18:23:50.473486
SD,2016.0,https://apps.sd.gov/HC65C2C/EBS/lettings/12142016final.pdf,"December 14, 2016",,2025-11-22T18:11:44.275703,success,c:\Users\Richard\code\CSI_Proj\data\downloads\SD\SD_December_14_2016.pdf,,2025-11-22T18:23:52.188669
SD,2016.0,https://apps.sd.gov/HC65C2C/EBS/lettings/12072016final.pdf,"December 7, 2016",,2025-11-22T18:11:44.275703,success,c:\Users\Richard\code\CSI_Proj\data\downloads\SD\SD_December_7_2016.pdf,,2025-11-22T18:23:54.053056
SD,2016.0,https://apps.sd.gov/HC65C2C/EBS/lettings/11162016final.pdf,"November 16, 2016",,2025-11-22T18:11:44.275703,success,c:\Users\Richard\code\CSI_Proj\data\downloads\SD\SD_November_16_2016.pdf,,2025-11-22T18:23:55.931642
SD,2016.0,https://apps.sd.gov/HC65C2C/EBS/lettings/11022016final.pdf,"November 2, 2016",,2025-11-22T18:11:44.275703,success,c:\Users\Richard\code\CSI_Proj\data\downloads\SD\SD_November_2_2016.pdf,,2025-11-22T18:23:57.810920
SD,2016.0,https://apps.sd.gov/HC65C2C/EBS/lettings/10192016final.pdf,"October 19, 2016",,2025-11-22T18:11:44.275703,success,c:\Users\Richard\code\CSI_Proj\data\downloads\SD\SD_October_19_2016.pdf,,2025-11-22T18:23:59.577673
SD,2016.0,https://apps.sd.gov/HC65C2C/EBS/lettings/10052016final.pdf,"October 5, 2016",,2025-11-22T18:11:44.275703,success,c:\Users\Richard\code\CSI_Proj\data\downloads\SD\SD_October_5_2016.pdf,,2025-11-22T18:24:01.375283
SD,2016.0,https://apps.sd.gov/HC65C2C/EBS/lettings/09212016final.pdf,"September 21, 2016",,2025-11-22T18:11:44.275703,success,c:\Users\Richard\code\CSI_Proj\data\downloads\SD\SD_September_21_2016.pdf,,2025-11-22T18:24:03.239149
SD,2016.0,https://apps.sd.gov/HC65C2C/EBS/lettings/09072016final.pdf,"September 7, 2016",,2025-11-22T18:11:44.275703,success,c:\Users\Richard\code\CSI_Proj\data\downloads\SD\SD_September_7_2016.pdf,,2025-11-22T18:24:05.124091
SD,2016.0,https://apps.sd.gov/HC65C2C/EBS/lettings/08172016final.pdf,"August 17, 2016",,2025-11-22T18:11:44.275703,success,c:\Users\Richard\code\CSI_Proj\data\downloads\SD\SD_August_17_2016.pdf,,2025-11-22T18:24:06.876005
SD,2016.0,https://apps.sd.gov/HC65C2C/EBS/lettings/08032016final.pdf,"August 3, 2016",,2025-11-22T18:11:44.275703,success,c:\Users\Richard\code\CSI_Proj\data\downloads\SD\SD_August_3_2016.pdf,,2025-11-22T18:24:08.640875
SD,2016.0,https://apps.sd.gov/HC65C2C/EBS/lettings/06152016final.pdf,"June 15, 2016",,2025-11-22T18:11:44.275703,success,c:\Users\Richard\code\CSI_Proj\data\downloads\SD\SD_June_15_2016.pdf,,2025-11-22T18:24:10.564969
SD,2016.0,https://apps.sd.gov/HC65C2C/EBS/lettings/06012016final.pdf,"June 1, 2016",,2025-11-22T18:11:44.275703,success,c:\Users\Richard\code\CSI_Proj\data\downloads\SD\SD_June_1_2016.pdf,,2025-11-22T18:24:12.366504
SD,2016.0,https://apps.sd.gov/HC65C2C/EBS/lettings/05182016final.pdf,"May 18, 2016",,2025-11-22T18:11:44.275703,success,c:\Users\Richard\code\CSI_Proj\data\downloads\SD\SD_May_18_2016.pdf,,2025-11-22T18:24:14.193318
SD,,https://apps.sd.gov/HC65C2C/EBS/lettings/05062016final.pdf,5/6/16 University Class,,2025-11-22T18:11:44.275703,success,c:\Users\Richard\code\CSI_Proj\data\downloads\SD\SD_5616_University_Class.pdf,,2025-11-22T18:24:15.993879
SD,2016.0,https://apps.sd.gov/HC65C2C/EBS/lettings/05052016final.pdf,"May 5, 2016",,2025-11-22T18:11:44.275703,success,c:\Users\Richard\code\CSI_Proj\data\downloads\SD\SD_May_5_2016.pdf,,2025-11-22T18:24:17.794201
SD,2016.0,https://apps.sd.gov/HC65C2C/EBS/lettings/05042016final.pdf,"May 4, 2016",,2025-11-22T18:11:44.275703,success,c:\Users\Richard\code\CSI_Proj\data\downloads\SD\SD_May_4_2016.pdf,,2025-11-22T18:24:19.596822
SD,2016.0,https://apps.sd.gov/HC65C2C/EBS/lettings/04202016final.pdf,"April 20, 2016",,2025-11-22T18:11:44.275703,success,c:\Users\Richard\code\CSI_Proj\data\downloads\SD\SD_April_20_2016.pdf,,2025-11-22T18:24:21.457998
SD,2016.0,https://apps.sd.gov/HC65C2C/EBS/lettings/04062016final.pdf,"April 6, 2016",,2025-11-22T18:11:44.275703,success,c:\Users\Richard\code\CSI_Proj\data\downloads\SD\SD_April_6_2016.pdf,,2025-11-22T18:24:23.364182
SD,2016.0,https://apps.sd.gov/HC65C2C/EBS/lettings/03162016final.pdf,"March 16, 2016",,2025-11-22T18:11:44.275703,success,c:\Users\Richard\code\CSI_Proj\data\downloads\SD\SD_March_16_2016.pdf,,2025-11-22T18:24:25.221643
SD,2016.0,https://apps.sd.gov/HC65C2C/EBS/lettings/03022016final.pdf,"March 2, 2016",,2025-11-22T18:11:44.275703,success,c:\Users\Richard\code\CSI_Proj\data\downloads\SD\SD_March_2_2016.pdf,,2025-11-22T18:24:27.020852
SD,2016.0,https://apps.sd.gov/HC65C2C/EBS/lettings/02242016final.pdf,"February 24, 2016",,2025-11-22T18:11:44.275703,success,c:\Users\Richard\code\CSI_Proj\data\downloads\SD\SD_February_24_2016.pdf,,2025-11-22T18:24:28.794602
SD,2016.0,https://apps.sd.gov/HC65C2C/EBS/lettings/02172016final.pdf,"February 17, 2016",,2025-11-22T18:11:44.275703,success,c:\Users\Richard\code\CSI_Proj\data\downloads\SD\SD_February_17_2016.pdf,,2025-11-22T18:24:30.699021
SD,2016.0,https://apps.sd.gov/HC65C2C/EBS/lettings/02032016final.pdf,"February 3, 2016",,2025-11-22T18:11:44.275703,success,c:\Users\Richard\code\CSI_Proj\data\downloads\SD\SD_February_3_2016.pdf,,2025-11-22T18:24:32.446015
SD,2016.0,https://apps.sd.gov/HC65C2C/EBS/lettings/01202016final.pdf,"January 20, 2016",,2025-11-22T18:11:44.275703,success,c:\Users\Richard\code\CSI_Proj\data\downloads\SD\SD_January_20_2016.pdf,,2025-11-22T18:24:34.202549
SD,2015.0,https://apps.sd.gov/HC65C2C/EBS/lettings/12162015final.pdf,"December 16, 2015",,2025-11-22T18:11:44.275703,success,c:\Users\Richard\code\CSI_Proj\data\downloads\SD\SD_December_16_2015.pdf,,2025-11-22T18:24:36.043882
SD,2015.0,https://apps.sd.gov/HC65C2C/EBS/lettings/12032015final.pdf,"December 3, 2015",,2025-11-22T18:11:44.275703,success,c:\Users\Richard\code\CSI_Proj\data\downloads\SD\SD_December_3_2015.pdf,,2025-11-22T18:24:37.945242
SD,2015.0,https://apps.sd.gov/HC65C2C/EBS/lettings/12022015final.pdf,"December 2, 2015",,2025-11-22T18:11:44.275703,success,c:\Users\Richard\code\CSI_Proj\data\downloads\SD\SD_December_2_2015.pdf,,2025-11-22T18:24:39.694895
SD,2015.0,https://apps.sd.gov/HC65C2C/EBS/lettings/11182015final.pdf,"November 18, 2015",,2025-11-22T18:11:44.275703,success,c:\Users\Richard\code\CSI_Proj\data\downloads\SD\SD_November_18_2015.pdf,,2025-11-22T18:24:41.599063
SD,2015.0,https://apps.sd.gov/HC65C2C/EBS/lettings/11042015final.pdf,"November 4, 2015",,2025-11-22T18:11:44.275703,success,c:\Users\Richard\code\CSI_Proj\data\downloads\SD\SD_November_4_2015.pdf,,2025-11-22T18:24:43.470267
SD,2015.0,https://apps.sd.gov/HC65C2C/EBS/lettings/10212015final.pdf,"October 21, 2015",,2025-11-22T18:11:44.275703,success,c:\Users\Richard\code\CSI_Proj\data\downloads\SD\SD_October_21_2015.pdf,,2025-11-22T18:24:45.227387
SD,2015.0,https://apps.sd.gov/HC65C2C/EBS/lettings/10072015final.pdf,"October 7, 2015",,2025-11-22T18:11:44.275703,success,c:\Users\Richard\code\CSI_Proj\data\downloads\SD\SD_October_7_2015.pdf,,2025-11-22T18:24:47.045625
SD,2015.0,https://apps.sd.gov/HC65C2C/EBS/lettings/09162015final.pdf,"September 16, 2015",,2025-11-22T18:11:44.275703,success,c:\Users\Richard\code\CSI_Proj\data\downloads\SD\SD_September_16_2015.pdf,,2025-11-22T18:24:48.878084
SD,2015.0,https://apps.sd.gov/HC65C2C/EBS/lettings/09022015final.pdf,"September 2, 2015",,2025-11-22T18:11:44.275703,success,c:\Users\Richard\code\CSI_Proj\data\downloads\SD\SD_September_2_2015.pdf,,2025-11-22T18:24:50.737717
SD,2015.0,https://apps.sd.gov/HC65C2C/EBS/lettings/08192015final.pdf,"August 19, 2015",,2025-11-22T18:11:44.275703,success,c:\Users\Richard\code\CSI_Proj\data\downloads\SD\SD_August_19_2015.pdf,,2025-11-22T18:24:52.594294
SD,2015.0,https://apps.sd.gov/HC65C2C/EBS/lettings/08052015final.pdf,"August 5, 2015",,2025-11-22T18:11:44.275703,success,c:\Users\Richard\code\CSI_Proj\data\downloads\SD\SD_August_5_2015.pdf,,2025-11-22T18:24:54.362489
SD,2015.0,https://apps.sd.gov/HC65C2C/EBS/lettings/07152015final.pdf,"July 15, 2015",,2025-11-22T18:11:44.275703,success,c:\Users\Richard\code\CSI_Proj\data\downloads\SD\SD_July_15_2015.pdf,,2025-11-22T18:24:56.138426
SD,2015.0,https://apps.sd.gov/HC65C2C/EBS/lettings/07012015final.pdf,"July 1, 2015",,2025-11-22T18:11:44.275703,success,c:\Users\Richard\code\CSI_Proj\data\downloads\SD\SD_July_1_2015.pdf,,2025-11-22T18:24:58.011518
SD,2015.0,https://apps.sd.gov/HC65C2C/EBS/lettings/06172015final.pdf,"June 17, 2015",,2025-11-22T18:11:44.275703,success,c:\Users\Richard\code\CSI_Proj\data\downloads\SD\SD_June_17_2015.pdf,,2025-11-22T18:24:59.781862
SD,2015.0,https://apps.sd.gov/HC65C2C/EBS/lettings/06032015final.pdf,"June 3, 2015",,2025-11-22T18:11:44.275703,success,c:\Users\Richard\code\CSI_Proj\data\downloads\SD\SD_June_3_2015.pdf,,2025-11-22T18:25:01.429738
SD,2015.0,https://apps.sd.gov/HC65C2C/EBS/lettings/05202015final.pdf,"May 20, 2015",,2025-11-22T18:11:44.275703,success,c:\Users\Richard\code\CSI_Proj\data\downloads\SD\SD_May_20_2015.pdf,,2025-11-22T18:25:03.143238
SD,,https://apps.sd.gov/HC65C2C/EBS/lettings/05072015final.pdf,5/7/15 University Class,,2025-11-22T18:11:44.275703,success,c:\Users\Richard\code\CSI_Proj\data\downloads\SD\SD_5715_University_Class.pdf,,2025-11-22T18:25:04.939654
SD,2015.0,https://apps.sd.gov/HC65C2C/EBS/lettings/05062015final.pdf,"May 6, 2015",,2025-11-22T18:11:44.275703,success,c:\Users\Richard\code\CSI_Proj\data\downloads\SD\SD_May_6_2015.pdf,,2025-11-22T18:25:06.733098
SD,2015.0,https://apps.sd.gov/HC65C2C/EBS/lettings/04172015final.pdf,"April 17, 2015 Letting",,2025-11-22T18:11:44.275703,success,c:\Users\Richard\code\CSI_Proj\data\downloads\SD\SD_April_17_2015_Letting.pdf,,2025-11-22T18:25:08.654306
SD,2015.0,https://apps.sd.gov/HC65C2C/EBS/lettings/04152015final.pdf,"April 15, 2015",,2025-11-22T18:11:44.275703,success,c:\Users\Richard\code\CSI_Proj\data\downloads\SD\SD_April_15_2015.pdf,,2025-11-22T18:25:10.436332
SD,2015.0,https://apps.sd.gov/HC65C2C/EBS/lettings/04012015final.pdf,"April 1, 2015",,2025-11-22T18:11:44.275703,success,c:\Users\Richard\code\CSI_Proj\data\downloads\SD\SD_April_1_2015.pdf,,2025-11-22T18:25:12.251025
SD,2015.0,https://apps.sd.gov/HC65C2C/EBS/lettings/03252015final.pdf,"March 25, 2015",,2025-11-22T18:11:44.275703,success,c:\Users\Richard\code\CSI_Proj\data\downloads\SD\SD_March_25_2015.pdf,,2025-11-22T18:25:13.998190
SD,2015.0,https://apps.sd.gov/HC65C2C/EBS/lettings/03182015final.pdf,"March 18, 2015",,2025-11-22T18:11:44.275703,success,c:\Users\Richard\code\CSI_Proj\data\downloads\SD\SD_March_18_2015.pdf,,2025-11-22T18:25:15.707438
SD,2015.0,https://apps.sd.gov/HC65C2C/EBS/lettings/03042015final.pdf,"March 4, 2015",,2025-11-22T18:11:44.275703,success,c:\Users\Richard\code\CSI_Proj\data\downloads\SD\SD_March_4_2015.pdf,,2025-11-22T18:25:17.465938
SD,2015.0,https://apps.sd.gov/HC65C2C/EBS/lettings/02182015final.pdf,"February 18, 2015",,2025-11-22T18:11:44.275703,success,c:\Users\Richard\code\CSI_Proj\data\downloads\SD\SD_February_18_2015.pdf,,2025-11-22T18:25:19.306210
SD,2015.0,https://apps.sd.gov/HC65C2C/EBS/lettings/02042015final.pdf,"February 4, 2015",,2025-11-22T18:11:44.275703,success,c:\Users\Richard\code\CSI_Proj\data\downloads\SD\SD_February_4_2015.pdf,,2025-11-22T18:25:21.016957
SD,2015.0,https://apps.sd.gov/HC65C2C/EBS/lettings/01212015final.pdf,"January 21, 2015",,2025-11-22T18:11:44.275703,success,c:\Users\Richard\code\CSI_Proj\data\downloads\SD\SD_January_21_2015.pdf,,2025-11-22T18:25:22.797053
SD,2014.0,https://apps.sd.gov/HC65C2C/EBS/lettings/12102014final.pdf,"December 10, 2014",,2025-11-22T18:11:44.275703,success,c:\Users\Richard\code\CSI_Proj\data\downloads\SD\SD_December_10_2014.pdf,,2025-11-22T18:25:24.588666
SD,2014.0,https://apps.sd.gov/HC65C2C/EBS/lettings/11192014final.pdf,"November 19, 2014",,2025-11-22T18:11:44.275703,success,c:\Users\Richard\code\CSI_Proj\data\downloads\SD\SD_November_19_2014.pdf,,2025-11-22T18:25:26.437354
SD,2014.0,https://apps.sd.gov/HC65C2C/EBS/lettings/11052014final.pdf,"November 5, 2014",,2025-11-22T18:11:44.275703,success,c:\Users\Richard\code\CSI_Proj\data\downloads\SD\SD_November_5_2014.pdf,,2025-11-22T18:25:28.237322
SD,2014.0,https://apps.sd.gov/HC65C2C/EBS/lettings/10152014final.pdf,"October 15, 2014",,2025-11-22T18:11:44.275703,success,c:\Users\Richard\code\CSI_Proj\data\downloads\SD\SD_October_15_2014.pdf,,2025-11-22T18:25:30.103613
SD,2014.0,https://apps.sd.gov/HC65C2C/EBS/lettings/10012014final.pdf,"October 1, 2014",,2025-11-22T18:11:44.275703,success,c:\Users\Richard\code\CSI_Proj\data\downloads\SD\SD_October_1_2014.pdf,,2025-11-22T18:25:31.925753
SD,2014.0,https://apps.sd.gov/HC65C2C/EBS/lettings/09172014final.pdf,"September 17, 2014",,2025-11-22T18:11:44.275703,success,c:\Users\Richard\code\CSI_Proj\data\downloads\SD\SD_September_17_2014.pdf,,2025-11-22T18:25:33.828617
SD,2014.0,https://apps.sd.gov/HC65C2C/EBS/lettings/09032014final.pdf,"September 3, 2014",,2025-11-22T18:11:44.275703,success,c:\Users\Richard\code\CSI_Proj\data\downloads\SD\SD_September_3_2014.pdf,,2025-11-22T18:25:35.675149
SD,2014.0,https://apps.sd.gov/HC65C2C/EBS/lettings/08202014final.pdf,"August 20, 2014",,2025-11-22T18:11:44.275703,success,c:\Users\Richard\code\CSI_Proj\data\downloads\SD\SD_August_20_2014.pdf,,2025-11-22T18:25:37.443172
SD,2014.0,https://apps.sd.gov/HC65C2C/EBS/lettings/08132014final.pdf,"August 13, 2014",,2025-11-22T18:11:44.275703,success,c:\Users\Richard\code\CSI_Proj\data\downloads\SD\SD_August_13_2014.pdf,,2025-11-22T18:25:39.172853
SD,2014.0,https://apps.sd.gov/HC65C2C/EBS/lettings/07172014final.pdf,"July 17, 2014",,2025-11-22T18:11:44.275703,success,c:\Users\Richard\code\CSI_Proj\data\downloads\SD\SD_July_17_2014.pdf,,2025-11-22T18:25:40.871378
SD,2014.0,https://apps.sd.gov/HC65C2C/EBS/lettings/07162014final.pdf,"July 16, 2014",,2025-11-22T18:11:44.275703,success,c:\Users\Richard\code\CSI_Proj\data\downloads\SD\SD_July_16_2014.pdf,,2025-11-22T18:25:42.675754
SD,2014.0,https://apps.sd.gov/HC65C2C/EBS/lettings/06112014final.pdf,"June 11, 2014",,2025-11-22T18:11:44.275703,success,c:\Users\Richard\code\CSI_Proj\data\downloads\SD\SD_June_11_2014.pdf,,2025-11-22T18:25:44.396026
SD,2014.0,https://apps.sd.gov/HC65C2C/EBS/lettings/06042014final.pdf,"June 4, 2014",,2025-11-22T18:11:44.275703,success,c:\Users\Richard\code\CSI_Proj\data\downloads\SD\SD_June_4_2014.pdf,,2025-11-22T18:25:46.286125
SD,2014.0,https://apps.sd.gov/HC65C2C/EBS/lettings/05212014final.pdf,"May 21, 2014",,2025-11-22T18:11:44.275703,success,c:\Users\Richard\code\CSI_Proj\data\downloads\SD\SD_May_21_2014.pdf,,2025-11-22T18:25:48.093944
SD,,https://apps.sd.gov/HC65C2C/EBS/lettings/05082014final.pdf,5/8/14 University Class,,2025-11-22T18:11:44.275703,success,c:\Users\Richard\code\CSI_Proj\data\downloads\SD\SD_5814_University_Class.pdf,,2025-11-22T18:25:49.872003
SD,2014.0,https://apps.sd.gov/HC65C2C/EBS/lettings/05072014final.pdf,"May 7, 2014",,2025-11-22T18:11:44.275703,success,c:\Users\Richard\code\CSI_Proj\data\downloads\SD\SD_May_7_2014.pdf,,2025-11-22T18:25:51.628263
SD,2014.0,https://apps.sd.gov/HC65C2C/EBS/lettings/04162014final.pdf,"April 16, 2014",,2025-11-22T18:11:44.275703,success,c:\Users\Richard\code\CSI_Proj\data\downloads\SD\SD_April_16_2014.pdf,,2025-11-22T18:25:53.443144
SD,2014.0,https://apps.sd.gov/HC65C2C/EBS/lettings/04022014final.pdf,"April 2, 2014",,2025-11-22T18:11:44.275703,success,c:\Users\Richard\code\CSI_Proj\data\downloads\SD\SD_April_2_2014.pdf,,2025-11-22T18:25:55.322327
SD,2014.0,https://apps.sd.gov/HC65C2C/EBS/lettings/03262014final.pdf,"March 26, 2014",,2025-11-22T18:11:44.275703,success,c:\Users\Richard\code\CSI_Proj\data\downloads\SD\SD_March_26_2014.pdf,,2025-11-22T18:25:57.112308
SD,2014.0,https://apps.sd.gov/HC65C2C/EBS/lettings/03192014final.pdf,"March 19, 2014",,2025-11-22T18:11:44.275703,success,c:\Users\Richard\code\CSI_Proj\data\downloads\SD\SD_March_19_2014.pdf,,2025-11-22T18:25:58.835095
SD,2014.0,https://apps.sd.gov/HC65C2C/EBS/lettings/03052014final.pdf,"March 5, 2014",,2025-11-22T18:11:44.275703,success,c:\Users\Richard\code\CSI_Proj\data\downloads\SD\SD_March_5_2014.pdf,,2025-11-22T18:26:00.533063
SD,2014.0,https://apps.sd.gov/HC65C2C/EBS/lettings/02192014final.pdf,"February 19, 2014",,2025-11-22T18:11:44.275703,success,c:\Users\Richard\code\CSI_Proj\data\downloads\SD\SD_February_19_2014.pdf,,2025-11-22T18:26:02.301631
SD,2014.0,https://apps.sd.gov/HC65C2C/EBS/lettings/02052014final.pdf,"February 5, 2014",,2025-11-22T18:11:44.275703,success,c:\Users\Richard\code\CSI_Proj\data\downloads\SD\SD_February_5_2014.pdf,,2025-11-22T18:26:04.127807
SD,2014.0,https://apps.sd.gov/HC65C2C/EBS/lettings/01152014final.pdf,"January 15, 2014",,2025-11-22T18:11:44.275703,success,c:\Users\Richard\code\CSI_Proj\data\downloads\SD\SD_January_15_2014.pdf,,2025-11-22T18:26:06.000422
SD,2013.0,https://apps.sd.gov/HC65C2C/EBS/lettings/12182013final.pdf,"December 18, 2013",,2025-11-22T18:11:44.275703,success,c:\Users\Richard\code\CSI_Proj\data\downloads\SD\SD_December_18_2013.pdf,,2025-11-22T18:26:07.852694
SD,2013.0,https://apps.sd.gov/HC65C2C/EBS/lettings/12042013final.pdf,"December 4, 2013",,2025-11-22T18:11:44.275703,success,c:\Users\Richard\code\CSI_Proj\data\downloads\SD\SD_December_4_2013.pdf,,2025-11-22T18:26:09.625150
SD,2013.0,https://apps.sd.gov/HC65C2C/EBS/lettings/11202013final.pdf,"November 20, 2013",,2025-11-22T18:11:44.275703,success,c:\Users\Richard\code\CSI_Proj\data\downloads\SD\SD_November_20_2013.pdf,,2025-11-22T18:26:11.416203
SD,2013.0,https://apps.sd.gov/HC65C2C/EBS/lettings/11062013final.pdf,"November 6, 2013",,2025-11-22T18:11:44.275703,success,c:\Users\Richard\code\CSI_Proj\data\downloads\SD\SD_November_6_2013.pdf,,2025-11-22T18:26:13.176874
SD,2013.0,https://apps.sd.gov/HC65C2C/EBS/lettings/10162013final.pdf,"October 16, 2013",,2025-11-22T18:11:44.275703,success,c:\Users\Richard\code\CSI_Proj\data\downloads\SD\SD_October_16_2013.pdf,,2025-11-22T18:26:14.903325
SD,2013.0,https://apps.sd.gov/HC65C2C/EBS/lettings/10022013final.pdf,"October 2, 2013",,2025-11-22T18:11:44.275703,success,c:\Users\Richard\code\CSI_Proj\data\downloads\SD\SD_October_2_2013.pdf,,2025-11-22T18:26:16.698152
SD,2013.0,https://apps.sd.gov/HC65C2C/EBS/lettings/09182013final.pdf,"September 18, 2013",,2025-11-22T18:11:44.275703,success,c:\Users\Richard\code\CSI_Proj\data\downloads\SD\SD_September_18_2013.pdf,,2025-11-22T18:26:18.534001
SD,2013.0,https://apps.sd.gov/HC65C2C/EBS/lettings/09042013final.pdf,"September 4, 2013",,2025-11-22T18:11:44.275703,success,c:\Users\Richard\code\CSI_Proj\data\downloads\SD\SD_September_4_2013.pdf,,2025-11-22T18:26:20.328829
SD,2013.0,https://apps.sd.gov/HC65C2C/EBS/lettings/08212013final.pdf,"August 21, 2013",,2025-11-22T18:11:44.275703,success,c:\Users\Richard\code\CSI_Proj\data\downloads\SD\SD_August_21_2013.pdf,,2025-11-22T18:26:22.041143
SD,2013.0,https://apps.sd.gov/HC65C2C/EBS/lettings/08072013final.pdf,"August 7, 2013",,2025-11-22T18:11:44.275703,success,c:\Users\Richard\code\CSI_Proj\data\downloads\SD\SD_August_7_2013.pdf,,2025-11-22T18:26:23.792054
SD,2013.0,https://apps.sd.gov/HC65C2C/EBS/lettings/07172013final.pdf,"July 17, 2013",,2025-11-22T18:11:44.275703,success,c:\Users\Richard\code\CSI_Proj\data\downloads\SD\SD_July_17_2013.pdf,,2025-11-22T18:26:25.595051
SD,2013.0,https://apps.sd.gov/HC65C2C/EBS/lettings/06192013final.pdf,"June 19, 2013",,2025-11-22T18:11:44.275703,success,c:\Users\Richard\code\CSI_Proj\data\downloads\SD\SD_June_19_2013.pdf,,2025-11-22T18:26:27.405113
SD,2013.0,https://apps.sd.gov/HC65C2C/EBS/lettings/06052013final.pdf,"June 5, 2013",,2025-11-22T18:11:44.275703,success,c:\Users\Richard\code\CSI_Proj\data\downloads\SD\SD_June_5_2013.pdf,,2025-11-22T18:26:29.327917
SD,2013.0,https://apps.sd.gov/HC65C2C/EBS/lettings/05152013final.pdf,"May 15, 2013",,2025-11-22T18:11:44.275703,success,c:\Users\Richard\code\CSI_Proj\data\downloads\SD\SD_May_15_2013.pdf,,2025-11-22T18:26:31.049982
SD,,https://apps.sd.gov/HC65C2C/EBS/lettings/05022013final.pdf,5/2/13 University Class,,2025-11-22T18:11:44.275703,success,c:\Users\Richard\code\CSI_Proj\data\downloads\SD\SD_5213_University_Class.pdf,,2025-11-22T18:26:32.899049
SD,2013.0,https://apps.sd.gov/HC65C2C/EBS/lettings/05012013final.pdf,"May 1, 2013",,2025-11-22T18:11:44.275703,success,c:\Users\Richard\code\CSI_Proj\data\downloads\SD\SD_May_1_2013.pdf,,2025-11-22T18:26:34.756310
SD,2013.0,https://apps.sd.gov/HC65C2C/EBS/lettings/04242013final.pdf,"April 24, 2013",,2025-11-22T18:11:44.275703,success,c:\Users\Richard\code\CSI_Proj\data\downloads\SD\SD_April_24_2013.pdf,,2025-11-22T18:26:36.693480
SD,2013.0,https://apps.sd.gov/HC65C2C/EBS/lettings/04172013final.pdf,"April 17, 2013",,2025-11-22T18:11:44.275703,success,c:\Users\Richard\code\CSI_Proj\data\downloads\SD\SD_April_17_2013.pdf,,2025-11-22T18:26:38.468126
SD,2013.0,https://apps.sd.gov/HC65C2C/EBS/lettings/04032013final.pdf,"April 3, 2013",,2025-11-22T18:11:44.275703,success,c:\Users\Richard\code\CSI_Proj\data\downloads\SD\SD_April_3_2013.pdf,,2025-11-22T18:26:40.162197
SD,2013.0,https://apps.sd.gov/HC65C2C/EBS/lettings/03272013final.pdf,"March 27, 2013",,2025-11-22T18:11:44.275703,success,c:\Users\Richard\code\CSI_Proj\data\downloads\SD\SD_March_27_2013.pdf,,2025-11-22T18:26:41.905590
SD,2013.0,https://apps.sd.gov/HC65C2C/EBS/lettings/03202013final.pdf,"March 20, 2013",,2025-11-22T18:11:44.275703,success,c:\Users\Richard\code\CSI_Proj\data\downloads\SD\SD_March_20_2013.pdf,,2025-11-22T18:26:43.672681
SD,2013.0,https://apps.sd.gov/HC65C2C/EBS/lettings/03062013final.pdf,"March 6, 2013",,2025-11-22T18:11:44.275703,success,c:\Users\Richard\code\CSI_Proj\data\downloads\SD\SD_March_6_2013.pdf,,2025-11-22T18:26:45.465633
SD,2013.0,https://apps.sd.gov/HC65C2C/EBS/lettings/02202013final.pdf,"February 20, 2013",,2025-11-22T18:11:44.275703,success,c:\Users\Richard\code\CSI_Proj\data\downloads\SD\SD_February_20_2013.pdf,,2025-11-22T18:26:47.619420
SD,2013.0,https://apps.sd.gov/HC65C2C/EBS/lettings/02062013final.pdf,"February 6, 2013",,2025-11-22T18:11:44.275703,success,c:\Users\Richard\code\CSI_Proj\data\downloads\SD\SD_February_6_2013.pdf,,2025-11-22T18:26:49.342830
SD,2013.0,https://apps.sd.gov/HC65C2C/EBS/lettings/01162013final.pdf,"January 16, 2013 Letting",,2025-11-22T18:11:44.275703,success,c:\Users\Richard\code\CSI_Proj\data\downloads\SD\SD_January_16_2013_Letting.pdf,,2025-11-22T18:26:51.057390
SD,2012.0,https://apps.sd.gov/HC65C2C/EBS/lettings/12122012final.pdf,"December 12, 2012",,2025-11-22T18:11:44.275703,success,c:\Users\Richard\code\CSI_Proj\data\downloads\SD\SD_December_12_2012.pdf,,2025-11-22T18:26:52.861294
SD,2012.0,https://apps.sd.gov/HC65C2C/EBS/lettings/12052012final.pdf,"December 5, 2012",,2025-11-22T18:11:44.275703,success,c:\Users\Richard\code\CSI_Proj\data\downloads\SD\SD_December_5_2012.pdf,,2025-11-22T18:26:54.640744
SD,2012.0,https://apps.sd.gov/HC65C2C/EBS/lettings/11212012final.pdf,"November 21, 2012",,2025-11-22T18:11:44.275703,success,c:\Users\Richard\code\CSI_Proj\data\downloads\SD\SD_November_21_2012.pdf,,2025-11-22T18:26:56.635921
SD,2012.0,https://apps.sd.gov/HC65C2C/EBS/lettings/10172012final.pdf,"October 17, 2012",,2025-11-22T18:11:44.275703,success,c:\Users\Richard\code\CSI_Proj\data\downloads\SD\SD_October_17_2012.pdf,,2025-11-22T18:26:58.478027
SD,2012.0,https://apps.sd.gov/HC65C2C/EBS/lettings/10032012final.pdf,"October 3, 2012",,2025-11-22T18:11:44.275703,success,c:\Users\Richard\code\CSI_Proj\data\downloads\SD\SD_October_3_2012.pdf,,2025-11-22T18:27:00.347818
SD,2012.0,https://apps.sd.gov/HC65C2C/EBS/lettings/09192012final.pdf,"September 19, 2012",,2025-11-22T18:11:44.275703,success,c:\Users\Richard\code\CSI_Proj\data\downloads\SD\SD_September_19_2012.pdf,,2025-11-22T18:27:02.151506
SD,2012.0,https://apps.sd.gov/HC65C2C/EBS/lettings/09052012final.pdf,"September 5, 2012",,2025-11-22T18:11:44.275703,success,c:\Users\Richard\code\CSI_Proj\data\downloads\SD\SD_September_5_2012.pdf,,2025-11-22T18:27:03.968895
SD,2012.0,https://apps.sd.gov/HC65C2C/EBS/lettings/08152012final.pdf,"August 15, 2012",,2025-11-22T18:11:44.275703,success,c:\Users\Richard\code\CSI_Proj\data\downloads\SD\SD_August_15_2012.pdf,,2025-11-22T18:27:05.781332
SD,2012.0,https://apps.sd.gov/HC65C2C/EBS/lettings/07182012final.pdf,"July 18, 2012",,2025-11-22T18:11:44.275703,success,c:\Users\Richard\code\CSI_Proj\data\downloads\SD\SD_July_18_2012.pdf,,2025-11-22T18:27:07.479502
SD,2012.0,https://apps.sd.gov/HC65C2C/EBS/lettings/06202012final.pdf,"June 20, 2012",,2025-11-22T18:11:44.275703,success,c:\Users\Richard\code\CSI_Proj\data\downloads\SD\SD_June_20_2012.pdf,,2025-11-22T18:27:09.297741
SD,2012.0,https://apps.sd.gov/HC65C2C/EBS/lettings/06062012final.pdf,"June 6, 2012",,2025-11-22T18:11:44.275703,success,c:\Users\Richard\code\CSI_Proj\data\downloads\SD\SD_June_6_2012.pdf,,2025-11-22T18:27:11.123983
SD,2012.0,https://apps.sd.gov/HC65C2C/EBS/lettings/05162012final.pdf,"May 16, 2012",,2025-11-22T18:11:44.275703,success,c:\Users\Richard\code\CSI_Proj\data\downloads\SD\SD_May_16_2012.pdf,,2025-11-22T18:27:12.958648
SD,,https://apps.sd.gov/HC65C2C/EBS/lettings/05032012final.pdf,5-3-12 University Class,,2025-11-22T18:11:44.275703,success,c:\Users\Richard\code\CSI_Proj\data\downloads\SD\SD_5-3-12_University_Class.pdf,,2025-11-22T18:27:14.772223
SD,2012.0,https://apps.sd.gov/HC65C2C/EBS/lettings/05022012final.pdf,"May 2, 2012",,2025-11-22T18:11:44.275703,success,c:\Users\Richard\code\CSI_Proj\data\downloads\SD\SD_May_2_2012.pdf,,2025-11-22T18:27:16.546693
SD,2012.0,https://apps.sd.gov/HC65C2C/EBS/lettings/04252012final.pdf,"April 25, 2012",,2025-11-22T18:11:44.275703,success,c:\Users\Richard\code\CSI_Proj\data\downloads\SD\SD_April_25_2012.pdf,,2025-11-22T18:27:18.574899
SD,2012.0,https://apps.sd.gov/HC65C2C/EBS/lettings/04182012final.pdf,"April 18, 2012",,2025-11-22T18:11:44.275703,success,c:\Users\Richard\code\CSI_Proj\data\downloads\SD\SD_April_18_2012.pdf,,2025-11-22T18:27:20.374357
SD,2012.0,https://apps.sd.gov/HC65C2C/EBS/lettings/04042012final.pdf,"April 4, 2012",,2025-11-22T18:11:44.275703,success,c:\Users\Richard\code\CSI_Proj\data\downloads\SD\SD_April_4_2012.pdf,,2025-11-22T18:27:22.202661
SD,2012.0,https://apps.sd.gov/HC65C2C/EBS/lettings/03212012final.pdf,"March 21, 2012",,2025-11-22T18:11:44.275703,success,c:\Users\Richard\code\CSI_Proj\data\downloads\SD\SD_March_21_2012.pdf,,2025-11-22T18:27:24.058195
SD,2012.0,https://apps.sd.gov/HC65C2C/EBS/lettings/03072012final.pdf,"March 7, 2012",,2025-11-22T18:11:44.275703,success,c:\Users\Richard\code\CSI_Proj\data\downloads\SD\SD_March_7_2012.pdf,,2025-11-22T18:27:25.828016
SD,2012.0,https://apps.sd.gov/HC65C2C/EBS/lettings/02152012final.pdf,"February 15, 2012",,2025-11-22T18:11:44.275703,success,c:\Users\Richard\code\CSI_Proj\data\downloads\SD\SD_February_15_2012.pdf,,2025-11-22T18:27:27.585905
SD,2012.0,https://apps.sd.gov/HC65C2C/EBS/lettings/02012012final.pdf,"February 1, 2012",,2025-11-22T18:11:44.275703,success,c:\Users\Richard\code\CSI_Proj\data\downloads\SD\SD_February_1_2012.pdf,,2025-11-22T18:27:29.389438
SD,2012.0,https://apps.sd.gov/HC65C2C/EBS/lettings/01182012final.pdf,"January 18, 2012",,2025-11-22T18:11:44.275703,success,c:\Users\Richard\code\CSI_Proj\data\downloads\SD\SD_January_18_2012.pdf,,2025-11-22T18:27:31.189621
SD,2011.0,https://apps.sd.gov/HC65C2C/EBS/lettings/12142011final.pdf,"December 14, 2011",,2025-11-22T18:11:44.275703,success,c:\Users\Richard\code\CSI_Proj\data\downloads\SD\SD_December_14_2011.pdf,,2025-11-22T18:27:32.968579
SD,2011.0,https://apps.sd.gov/HC65C2C/EBS/lettings/11162011final.pdf,"November 16, 2011",,2025-11-22T18:11:44.275703,success,c:\Users\Richard\code\CSI_Proj\data\downloads\SD\SD_November_16_2011.pdf,,2025-11-22T18:27:34.673901
SD,2011.0,https://apps.sd.gov/HC65C2C/EBS/lettings/11022011final.pdf,"November 2, 2011",,2025-11-22T18:11:44.275703,success,c:\Users\Richard\code\CSI_Proj\data\downloads\SD\SD_November_2_2011.pdf,,2025-11-22T18:27:36.416276
SD,2011.0,https://apps.sd.gov/HC65C2C/EBS/lettings/10192011final.pdf,"October 19, 2011",,2025-11-22T18:11:44.275703,success,c:\Users\Richard\code\CSI_Proj\data\downloads\SD\SD_October_19_2011.pdf,,2025-11-22T18:27:38.127534
SD,2011.0,https://apps.sd.gov/HC65C2C/EBS/lettings/10052011final.pdf,"October 5, 2011",,2025-11-22T18:11:44.275703,success,c:\Users\Richard\code\CSI_Proj\data\downloads\SD\SD_October_5_2011.pdf,,2025-11-22T18:27:39.901660
SD,2011.0,https://apps.sd.gov/HC65C2C/EBS/lettings/09212011final.pdf,"September 21, 2011",,2025-11-22T18:11:44.275703,success,c:\Users\Richard\code\CSI_Proj\data\downloads\SD\SD_September_21_2011.pdf,,2025-11-22T18:27:41.688104
SD,2011.0,https://apps.sd.gov/HC65C2C/EBS/lettings/09072011final.pdf,"September 7, 2011",,2025-11-22T18:11:44.275703,success,c:\Users\Richard\code\CSI_Proj\data\downloads\SD\SD_September_7_2011.pdf,,2025-11-22T18:27:43.487089
SD,2011.0,https://apps.sd.gov/HC65C2C/EBS/lettings/08172011final.pdf,"August 17, 2011",,2025-11-22T18:11:44.275703,success,c:\Users\Richard\code\CSI_Proj\data\downloads\SD\SD_August_17_2011.pdf,,2025-11-22T18:27:45.267880
SD,2011.0,https://apps.sd.gov/HC65C2C/EBS/lettings/08042011final.pdf,"August 4, 2011",,2025-11-22T18:11:44.275703,failed,,404 Client Error: Not Found for url: https://apps.sd.gov/HC65C2C/EBS/lettings/08042011final.pdf,2025-11-22T18:27:51.373798
SD,2011.0,https://apps.sd.gov/HC65C2C/EBS/lettings/08032011final.pdf,"August 3, 2011",,2025-11-22T18:11:44.275703,success,c:\Users\Richard\code\CSI_Proj\data\downloads\SD\SD_August_3_2011.pdf,,2025-11-22T18:27:53.227353
SD,2011.0,https://apps.sd.gov/HC65C2C/EBS/lettings/07202011final.pdf,"July 20, 2011",,2025-11-22T18:11:44.275703,success,c:\Users\Richard\code\CSI_Proj\data\downloads\SD\SD_July_20_2011.pdf,,2025-11-22T18:27:54.971175
SD,2011.0,https://apps.sd.gov/HC65C2C/EBS/lettings/07062011final.pdf,"July 6, 2011",,2025-11-22T18:11:44.275703,success,c:\Users\Richard\code\CSI_Proj\data\downloads\SD\SD_July_6_2011.pdf,,2025-11-22T18:27:56.794397
SD,2011.0,https://apps.sd.gov/HC65C2C/EBS/lettings/06152011final.pdf,"June 15, 2011",,2025-11-22T18:11:44.275703,success,c:\Users\Richard\code\CSI_Proj\data\downloads\SD\SD_June_15_2011.pdf,,2025-11-22T18:27:58.627454
SD,2011.0,https://apps.sd.gov/HC65C2C/EBS/lettings/06012011final.pdf,"June 1, 2011",,2025-11-22T18:11:44.275703,success,c:\Users\Richard\code\CSI_Proj\data\downloads\SD\SD_June_1_2011.pdf,,2025-11-22T18:28:00.448863
SD,2011.0,https://apps.sd.gov/HC65C2C/EBS/lettings/05182011final.pdf,"May 18, 2011",,2025-11-22T18:11:44.275703,success,c:\Users\Richard\code\CSI_Proj\data\downloads\SD\SD_May_18_2011.pdf,,2025-11-22T18:28:02.237682
SD,2011.0,https://apps.sd.gov/HC65C2C/EBS/lettings/05112011final.pdf,"May 11, 2011",,2025-11-22T18:11:44.275703,success,c:\Users\Richard\code\CSI_Proj\data\downloads\SD\SD_May_11_2011.pdf,,2025-11-22T18:28:03.970931
SD,2011.0,https://apps.sd.gov/HC65C2C/EBS/lettings/04272011final.pdf,"April 27, 2011",,2025-11-22T18:11:44.275703,success,c:\Users\Richard\code\CSI_Proj\data\downloads\SD\SD_April_27_2011.pdf,,2025-11-22T18:28:05.730432
SD,2011.0,https://apps.sd.gov/HC65C2C/EBS/lettings/04212011final.pdf,"April 21, 2011",,2025-11-22T18:11:44.275703,success,c:\Users\Richard\code\CSI_Proj\data\downloads\SD\SD_April_21_2011.pdf,,2025-11-22T18:28:07.436985
SD,2011.0,https://apps.sd.gov/HC65C2C/EBS/lettings/03162011final.pdf,"March 16, 2011",,2025-11-22T18:11:44.275703,success,c:\Users\Richard\code\CSI_Proj\data\downloads\SD\SD_March_16_2011.pdf,,2025-11-22T18:28:09.182534
SD,2011.0,https://apps.sd.gov/HC65C2C/EBS/lettings/03092011final.pdf,"March 9, 2011",,2025-11-22T18:11:44.275703,success,c:\Users\Richard\code\CSI_Proj\data\downloads\SD\SD_March_9_2011.pdf,,2025-11-22T18:28:10.970685
SD,2011.0,https://apps.sd.gov/HC65C2C/EBS/lettings/03022011final.pdf,"March 2, 2011",,2025-11-22T18:11:44.275703,success,c:\Users\Richard\code\CSI_Proj\data\downloads\SD\SD_March_2_2011.pdf,,2025-11-22T18:28:12.786142
SD,2011.0,https://apps.sd.gov/HC65C2C/EBS/lettings/02162011final.pdf,"February 16, 2011",,2025-11-22T18:11:44.275703,success,c:\Users\Richard\code\CSI_Proj\data\downloads\SD\SD_February_16_2011.pdf,,2025-11-22T18:28:14.540587
SD,2011.0,https://apps.sd.gov/HC65C2C/EBS/lettings/02022011final.pdf,"February 2, 2011",,2025-11-22T18:11:44.275703,success,c:\Users\Richard\code\CSI_Proj\data\downloads\SD\SD_February_2_2011.pdf,,2025-11-22T18:28:16.253469
SD,2011.0,https://apps.sd.gov/HC65C2C/EBS/lettings/01192011final.pdf,"January 19, 2011",,2025-11-22T18:11:44.275703,success,c:\Users\Richard\code\CSI_Proj\data\downloads\SD\SD_January_19_2011.pdf,,2025-11-22T18:28:17.978339
SD,2010.0,https://apps.sd.gov/HC65C2C/EBS/lettings/11032010final.pdf,"November 3, 2010",,2025-11-22T18:11:44.275703,success,c:\Users\Richard\code\CSI_Proj\data\downloads\SD\SD_November_3_2010.pdf,,2025-11-22T18:28:19.707761
SD,2010.0,https://apps.sd.gov/HC65C2C/EBS/lettings/10282010final.pdf,"October 28, 2010",,2025-11-22T18:11:44.275703,success,c:\Users\Richard\code\CSI_Proj\data\downloads\SD\SD_October_28_2010.pdf,,2025-11-22T18:28:21.547627
SD,2010.0,https://apps.sd.gov/HC65C2C/EBS/lettings/10272010final.pdf,"October 27, 2010",,2025-11-22T18:11:44.275703,success,c:\Users\Richard\code\CSI_Proj\data\downloads\SD\SD_October_27_2010.pdf,,2025-11-22T18:28:23.390452
SD,2010.0,https://apps.sd.gov/HC65C2C/EBS/lettings/10202010final.pdf,"October 20, 2010",,2025-11-22T18:11:44.275703,success,c:\Users\Richard\code\CSI_Proj\data\downloads\SD\SD_October_20_2010.pdf,,2025-11-22T18:28:25.238613
SD,2010.0,https://apps.sd.gov/HC65C2C/EBS/lettings/10062010final.pdf,"October 6, 2010",,2025-11-22T18:11:44.275703,success,c:\Users\Richard\code\CSI_Proj\data\downloads\SD\SD_October_6_2010.pdf,,2025-11-22T18:28:27.026661
SD,2010.0,https://apps.sd.gov/HC65C2C/EBS/lettings/09222010final.pdf,"September 22, 2010",,2025-11-22T18:11:44.275703,success,c:\Users\Richard\code\CSI_Proj\data\downloads\SD\SD_September_22_2010.pdf,,2025-11-22T18:28:28.714457
SD,2010.0,https://apps.sd.gov/HC65C2C/EBS/lettings/09152010final.pdf,"September 15, 2010",,2025-11-22T18:11:44.275703,success,c:\Users\Richard\code\CSI_Proj\data\downloads\SD\SD_September_15_2010.pdf,,2025-11-22T18:28:30.775290
SD,2010.0,https://apps.sd.gov/HC65C2C/EBS/lettings/09082010final.pdf,September 8. 2010,,2025-11-22T18:11:44.275703,success,c:\Users\Richard\code\CSI_Proj\data\downloads\SD\SD_September_8_2010.pdf,,2025-11-22T18:28:32.525644
SD,2010.0,https://apps.sd.gov/HC65C2C/EBS/lettings/09012010final.pdf,"September 1, 2010",,2025-11-22T18:11:44.275703,success,c:\Users\Richard\code\CSI_Proj\data\downloads\SD\SD_September_1_2010.pdf,,2025-11-22T18:28:34.258800
SD,2010.0,https://apps.sd.gov/HC65C2C/EBS/lettings/08182010final.pdf,"August 18, 2010",,2025-11-22T18:11:44.275703,success,c:\Users\Richard\code\CSI_Proj\data\downloads\SD\SD_August_18_2010.pdf,,2025-11-22T18:28:35.931972
SD,2010.0,https://apps.sd.gov/HC65C2C/EBS/lettings/08052010final.pdf,"August 5, 2010",,2025-11-22T18:11:44.275703,success,c:\Users\Richard\code\CSI_Proj\data\downloads\SD\SD_August_5_2010.pdf,,2025-11-22T18:28:37.640336
SD,2010.0,https://apps.sd.gov/HC65C2C/EBS/lettings/08042010final.pdf,"August 4, 2010",,2025-11-22T18:11:44.275703,success,c:\Users\Richard\code\CSI_Proj\data\downloads\SD\SD_August_4_2010.pdf,,2025-11-22T18:28:39.506186
SD,2010.0,https://apps.sd.gov/HC65C2C/EBS/lettings/08032010final.pdf,"August 3, 2010",,2025-11-22T18:11:44.275703,success,c:\Users\Richard\code\CSI_Proj\data\downloads\SD\SD_August_3_2010.pdf,,2025-11-22T18:28:41.353377
SD,2010.0,https://apps.sd.gov/HC65C2C/EBS/lettings/07212010final.pdf,"July 21, 2010",,2025-11-22T18:11:44.275703,success,c:\Users\Richard\code\CSI_Proj\data\downloads\SD\SD_July_21_2010.pdf,,2025-11-22T18:28:43.062319
SD,2010.0,https://apps.sd.gov/HC65C2C/EBS/lettings/07072010final.pdf,"July 7, 2010",,2025-11-22T18:11:44.275703,success,c:\Users\Richard\code\CSI_Proj\data\downloads\SD\SD_July_7_2010.pdf,,2025-11-22T18:28:44.903771
SD,2010.0,https://apps.sd.gov/HC65C2C/EBS/lettings/06232010final.pdf,"June 23, 2010 Special",,2025-11-22T18:11:44.275703,success,c:\Users\Richard\code\CSI_Proj\data\downloads\SD\SD_June_23_2010_Special.pdf,,2025-11-22T18:28:46.712009
SD,2010.0,https://apps.sd.gov/HC65C2C/EBS/lettings/06162010final.pdf,"June 16, 2010",,2025-11-22T18:11:44.275703,success,c:\Users\Richard\code\CSI_Proj\data\downloads\SD\SD_June_16_2010.pdf,,2025-11-22T18:28:48.507087
SD,2010.0,https://apps.sd.gov/HC65C2C/EBS/lettings/06032010final.pdf,"June 3, 2010",,2025-11-22T18:11:44.275703,success,c:\Users\Richard\code\CSI_Proj\data\downloads\SD\SD_June_3_2010.pdf,,2025-11-22T18:28:50.658405
SD,2010.0,https://apps.sd.gov/HC65C2C/EBS/lettings/06022010final.pdf,"June 2, 2010",,2025-11-22T18:11:44.275703,success,c:\Users\Richard\code\CSI_Proj\data\downloads\SD\SD_June_2_2010.pdf,,2025-11-22T18:28:53.040269
SD,2010.0,https://apps.sd.gov/HC65C2C/EBS/lettings/05192010final.pdf,"May 19, 2010",,2025-11-22T18:11:44.275703,success,c:\Users\Richard\code\CSI_Proj\data\downloads\SD\SD_May_19_2010.pdf,,2025-11-22T18:28:54.740110
SD,2010.0,https://apps.sd.gov/HC65C2C/EBS/lettings/05052010final.pdf,"May 5, 2010",,2025-11-22T18:11:44.275703,success,c:\Users\Richard\code\CSI_Proj\data\downloads\SD\SD_May_5_2010.pdf,,2025-11-22T18:28:56.974429
SD,2010.0,https://apps.sd.gov/HC65C2C/EBS/lettings/04282010final.pdf,"April 28, 2010 (By Addm)",,2025-11-22T18:11:44.275703,success,c:\Users\Richard\code\CSI_Proj\data\downloads\SD\SD_April_28_2010_By_Addm.pdf,,2025-11-22T18:28:58.802901
SD,2010.0,https://apps.sd.gov/HC65C2C/EBS/lettings/04212010final.pdf,"April 21, 2010",,2025-11-22T18:11:44.275703,success,c:\Users\Richard\code\CSI_Proj\data\downloads\SD\SD_April_21_2010.pdf,,2025-11-22T18:29:00.602161
SD,2010.0,https://apps.sd.gov/HC65C2C/EBS/lettings/04072010final.pdf,"April 7, 2010",,2025-11-22T18:11:44.275703,success,c:\Users\Richard\code\CSI_Proj\data\downloads\SD\SD_April_7_2010.pdf,,2025-11-22T18:29:02.374152
SD,2010.0,https://apps.sd.gov/HC65C2C/EBS/lettings/03312010final.pdf,"March 31, 2010",,2025-11-22T18:11:44.275703,success,c:\Users\Richard\code\CSI_Proj\data\downloads\SD\SD_March_31_2010.pdf,,2025-11-22T18:29:04.173175
SD,2010.0,https://apps.sd.gov/HC65C2C/EBS/lettings/03172010final.pdf,"March 17, 2010",,2025-11-22T18:11:44.275703,success,c:\Users\Richard\code\CSI_Proj\data\downloads\SD\SD_March_17_2010.pdf,,2025-11-22T18:29:05.857164
SD,2010.0,https://apps.sd.gov/HC65C2C/EBS/lettings/03032010final.pdf,"March 3, 2010",,2025-11-22T18:11:44.275703,success,c:\Users\Richard\code\CSI_Proj\data\downloads\SD\SD_March_3_2010.pdf,,2025-11-22T18:29:07.630178
SD,2010.0,https://apps.sd.gov/HC65C2C/EBS/lettings/02172010final.pdf,"February 17, 2010",,2025-11-22T18:11:44.275703,success,c:\Users\Richard\code\CSI_Proj\data\downloads\SD\SD_February_17_2010.pdf,,2025-11-22T18:29:09.512676
SD,2010.0,https://apps.sd.gov/HC65C2C/EBS/lettings/02102010final.pdf,"February 10, 2010",,2025-11-22T18:11:44.275703,success,c:\Users\Richard\code\CSI_Proj\data\downloads\SD\SD_February_10_2010.pdf,,2025-11-22T18:29:11.226049
SD,2010.0,https://apps.sd.gov/HC65C2C/EBS/lettings/02032010final.pdf,"February 3, 2010",,2025-11-22T18:11:44.275703,success,c:\Users\Richard\code\CSI_Proj\data\downloads\SD\SD_February_3_2010.pdf,,2025-11-22T18:29:12.951948
SD,2010.0,https://apps.sd.gov/HC65C2C/EBS/lettings/01272010final.pdf,"January 27, 2010",,2025-11-22T18:11:44.275703,success,c:\Users\Richard\code\CSI_Proj\data\downloads\SD\SD_January_27_2010.pdf,,2025-11-22T18:29:14.762487
SD,2010.0,https://apps.sd.gov/HC65C2C/EBS/lettings/01202010final.pdf,"January 20, 2010",,2025-11-22T18:11:44.275703,success,c:\Users\Richard\code\CSI_Proj\data\downloads\SD\SD_January_20_2010.pdf,,2025-11-22T18:29:16.446648
SD,2009.0,https://apps.sd.gov/HC65C2C/EBS/lettings/12162009final.pdf,"December 16, 2009",,2025-11-22T18:11:44.275703,success,c:\Users\Richard\code\CSI_Proj\data\downloads\SD\SD_December_16_2009.pdf,,2025-11-22T18:29:19.271829
SD,2009.0,https://apps.sd.gov/HC65C2C/EBS/lettings/12022009final.pdf,"December 2, 2009",,2025-11-22T18:11:44.275703,success,c:\Users\Richard\code\CSI_Proj\data\downloads\SD\SD_December_2_2009.pdf,,2025-11-22T18:29:21.063051
SD,2009.0,https://apps.sd.gov/HC65C2C/EBS/lettings/11182009final.pdf,"November 18, 2009",,2025-11-22T18:11:44.275703,success,c:\Users\Richard\code\CSI_Proj\data\downloads\SD\SD_November_18_2009.pdf,,2025-11-22T18:29:22.868632
SD,2009.0,https://apps.sd.gov/HC65C2C/EBS/lettings/11042009final.pdf,"November 4, 2009",,2025-11-22T18:11:44.275703,success,c:\Users\Richard\code\CSI_Proj\data\downloads\SD\SD_November_4_2009.pdf,,2025-11-22T18:29:24.600113
SD,2009.0,https://apps.sd.gov/HC65C2C/EBS/lettings/10212009final.pdf,"October 21, 2009",,2025-11-22T18:11:44.275703,success,c:\Users\Richard\code\CSI_Proj\data\downloads\SD\SD_October_21_2009.pdf,,2025-11-22T18:29:26.375661
SD,2009.0,https://apps.sd.gov/HC65C2C/EBS/lettings/10072009final.pdf,"October 7, 2009",,2025-11-22T18:11:44.275703,success,c:\Users\Richard\code\CSI_Proj\data\downloads\SD\SD_October_7_2009.pdf,,2025-11-22T18:29:28.166480
SD,2009.0,https://apps.sd.gov/HC65C2C/EBS/lettings/09162009final.pdf,"September 16, 2009",,2025-11-22T18:11:44.275703,success,c:\Users\Richard\code\CSI_Proj\data\downloads\SD\SD_September_16_2009.pdf,,2025-11-22T18:29:29.926839
SD,2009.0,https://apps.sd.gov/HC65C2C/EBS/lettings/09022009final.pdf,"September 2, 2009",,2025-11-22T18:11:44.275703,success,c:\Users\Richard\code\CSI_Proj\data\downloads\SD\SD_September_2_2009.pdf,,2025-11-22T18:29:31.707692
SD,2009.0,https://apps.sd.gov/HC65C2C/EBS/lettings/08192009final.pdf,"August 19, 2009",,2025-11-22T18:11:44.275703,success,c:\Users\Richard\code\CSI_Proj\data\downloads\SD\SD_August_19_2009.pdf,,2025-11-22T18:29:33.395771
SD,2009.0,https://apps.sd.gov/HC65C2C/EBS/lettings/08052009final.pdf,"August 5, 2009",,2025-11-22T18:11:44.275703,success,c:\Users\Richard\code\CSI_Proj\data\downloads\SD\SD_August_5_2009.pdf,,2025-11-22T18:29:35.092219
SD,2009.0,https://apps.sd.gov/HC65C2C/EBS/lettings/07152009final.pdf,"July 15, 2009",,2025-11-22T18:11:44.275703,success,c:\Users\Richard\code\CSI_Proj\data\downloads\SD\SD_July_15_2009.pdf,,2025-11-22T18:29:36.895919
SD,2009.0,https://apps.sd.gov/HC65C2C/EBS/lettings/07012009final.pdf,"July 1, 2009",,2025-11-22T18:11:44.275703,success,c:\Users\Richard\code\CSI_Proj\data\downloads\SD\SD_July_1_2009.pdf,,2025-11-22T18:29:38.632709
SD,2009.0,https://apps.sd.gov/HC65C2C/EBS/lettings/06172009final.pdf,"June 17, 2009",,2025-11-22T18:11:44.275703,success,c:\Users\Richard\code\CSI_Proj\data\downloads\SD\SD_June_17_2009.pdf,,2025-11-22T18:29:40.329471
SD,2009.0,https://apps.sd.gov/HC65C2C/EBS/lettings/06032009final.pdf,"June 3, 2009",,2025-11-22T18:11:44.275703,success,c:\Users\Richard\code\CSI_Proj\data\downloads\SD\SD_June_3_2009.pdf,,2025-11-22T18:29:42.100337
SD,2009.0,https://apps.sd.gov/HC65C2C/EBS/lettings/05202009final.pdf,"May 20, 2009",,2025-11-22T18:11:44.275703,success,c:\Users\Richard\code\CSI_Proj\data\downloads\SD\SD_May_20_2009.pdf,,2025-11-22T18:29:43.864798
SD,2009.0,https://apps.sd.gov/HC65C2C/EBS/lettings/05062009final.pdf,"May 6, 2009",,2025-11-22T18:11:44.275703,success,c:\Users\Richard\code\CSI_Proj\data\downloads\SD\SD_May_6_2009.pdf,,2025-11-22T18:29:45.702117
SD,2009.0,https://apps.sd.gov/HC65C2C/EBS/lettings/04152009final.pdf,"April 15, 2009",,2025-11-22T18:11:44.275703,success,c:\Users\Richard\code\CSI_Proj\data\downloads\SD\SD_April_15_2009.pdf,,2025-11-22T18:29:47.516060
SD,2009.0,https://apps.sd.gov/HC65C2C/EBS/lettings/04012009final.pdf,"April 1, 2009",,2025-11-22T18:11:44.275703,success,c:\Users\Richard\code\CSI_Proj\data\downloads\SD\SD_April_1_2009.pdf,,2025-11-22T18:29:49.315796
SD,2009.0,https://apps.sd.gov/HC65C2C/EBS/lettings/03252009final.pdf,"March 25, 2009",,2025-11-22T18:11:44.275703,success,c:\Users\Richard\code\CSI_Proj\data\downloads\SD\SD_March_25_2009.pdf,,2025-11-22T18:29:51.092652
SD,2009.0,https://apps.sd.gov/HC65C2C/EBS/lettings/03182009final.pdf,"March 18, 2009",,2025-11-22T18:11:44.275703,success,c:\Users\Richard\code\CSI_Proj\data\downloads\SD\SD_March_18_2009.pdf,,2025-11-22T18:29:52.916998
SD,2009.0,https://apps.sd.gov/HC65C2C/EBS/lettings/03062009final.pdf,"March 6, 2009",,2025-11-22T18:11:44.275703,success,c:\Users\Richard\code\CSI_Proj\data\downloads\SD\SD_March_6_2009.pdf,,2025-11-22T18:29:55.301243
SD,2009.0,https://apps.sd.gov/HC65C2C/EBS/lettings/03042009final.pdf,"March 4, 2009",,2025-11-22T18:11:44.275703,success,c:\Users\Richard\code\CSI_Proj\data\downloads\SD\SD_March_4_2009.pdf,,2025-11-22T18:29:57.025452
SD,2009.0,https://apps.sd.gov/HC65C2C/EBS/lettings/02182009final.pdf,"February 18, 2009",,2025-11-22T18:11:44.275703,success,c:\Users\Richard\code\CSI_Proj\data\downloads\SD\SD_February_18_2009.pdf,,2025-11-22T18:29:58.709545
SD,2009.0,https://apps.sd.gov/HC65C2C/EBS/lettings/02132009final.pdf,"February 13, 2009",,2025-11-22T18:11:44.275703,success,c:\Users\Richard\code\CSI_Proj\data\downloads\SD\SD_February_13_2009.pdf,,2025-11-22T18:30:00.574581
SD,2009.0,https://apps.sd.gov/HC65C2C/EBS/lettings/02042009final.pdf,"February 4, 2009",,2025-11-22T18:11:44.275703,success,c:\Users\Richard\code\CSI_Proj\data\downloads\SD\SD_February_4_2009.pdf,,2025-11-22T18:30:02.357048
SD,2009.0,https://apps.sd.gov/HC65C2C/EBS/lettings/01212009final.pdf,"January 21, 2009",,2025-11-22T18:11:44.275703,success,c:\Users\Richard\code\CSI_Proj\data\downloads\SD\SD_January_21_2009.pdf,,2025-11-22T18:30:04.154979
SD,2008.0,https://apps.sd.gov/HC65C2C/EBS/lettings/12172008final.pdf,"December 17, 2008",,2025-11-22T18:11:44.275703,success,c:\Users\Richard\code\CSI_Proj\data\downloads\SD\SD_December_17_2008.pdf,,2025-11-22T18:30:05.916708
SD,2008.0,https://apps.sd.gov/HC65C2C/EBS/lettings/12032008final.pdf,"December 3, 2008",,2025-11-22T18:11:44.275703,success,c:\Users\Richard\code\CSI_Proj\data\downloads\SD\SD_December_3_2008.pdf,,2025-11-22T18:30:07.651016
SD,2008.0,https://apps.sd.gov/HC65C2C/EBS/lettings/11192008final.pdf,"November 19, 2008",,2025-11-22T18:11:44.275703,success,c:\Users\Richard\code\CSI_Proj\data\downloads\SD\SD_November_19_2008.pdf,,2025-11-22T18:30:09.354872
SD,2008.0,https://apps.sd.gov/HC65C2C/EBS/lettings/11052008final.pdf,"November 5, 2008",,2025-11-22T18:11:44.275703,success,c:\Users\Richard\code\CSI_Proj\data\downloads\SD\SD_November_5_2008.pdf,,2025-11-22T18:30:12.165681
SD,2008.0,https://apps.sd.gov/HC65C2C/EBS/lettings/10152008final.pdf,"October 15, 2008",,2025-11-22T18:11:44.275703,success,c:\Users\Richard\code\CSI_Proj\data\downloads\SD\SD_October_15_2008.pdf,,2025-11-22T18:30:13.949158
SD,2008.0,https://apps.sd.gov/HC65C2C/EBS/lettings/10012008final.pdf,"October 1, 2008",,2025-11-22T18:11:44.275703,success,c:\Users\Richard\code\CSI_Proj\data\downloads\SD\SD_October_1_2008.pdf,,2025-11-22T18:30:15.715731
SD,2008.0,https://apps.sd.gov/HC65C2C/EBS/lettings/09172008final.pdf,"September 17, 2008",,2025-11-22T18:11:44.275703,success,c:\Users\Richard\code\CSI_Proj\data\downloads\SD\SD_September_17_2008.pdf,,2025-11-22T18:30:17.490124
SD,2008.0,https://apps.sd.gov/HC65C2C/EBS/lettings/09032008final.pdf,9-3-2008 Letting Cancelled,,2025-11-22T18:11:44.275703,success,c:\Users\Richard\code\CSI_Proj\data\downloads\SD\SD_9-3-2008_Letting_Cancelled.pdf,,2025-11-22T18:30:19.319427
SD,2008.0,https://apps.sd.gov/HC65C2C/EBS/lettings/08202008final.pdf,"August 20, 2008",,2025-11-22T18:11:44.275703,success,c:\Users\Richard\code\CSI_Proj\data\downloads\SD\SD_August_20_2008.pdf,,2025-11-22T18:30:21.145953
SD,2008.0,https://apps.sd.gov/HC65C2C/EBS/lettings/08062008final.pdf,"August 6, 2008",,2025-11-22T18:11:44.275703,success,c:\Users\Richard\code\CSI_Proj\data\downloads\SD\SD_August_6_2008.pdf,,2025-11-22T18:30:22.899996
SD,2008.0,https://apps.sd.gov/HC65C2C/EBS/lettings/07162008final.pdf,"July 16, 2008",,2025-11-22T18:11:44.275703,success,c:\Users\Richard\code\CSI_Proj\data\downloads\SD\SD_July_16_2008.pdf,,2025-11-22T18:30:24.744610
SD,2008.0,https://apps.sd.gov/HC65C2C/EBS/lettings/06182008final.pdf,"June 18, 2008",,2025-11-22T18:11:44.275703,success,c:\Users\Richard\code\CSI_Proj\data\downloads\SD\SD_June_18_2008.pdf,,2025-11-22T18:30:26.722334
SD,2008.0,https://apps.sd.gov/HC65C2C/EBS/lettings/06042008final.pdf,"June 4, 2008",,2025-11-22T18:11:44.275703,success,c:\Users\Richard\code\CSI_Proj\data\downloads\SD\SD_June_4_2008.pdf,,2025-11-22T18:30:28.451394
SD,2008.0,https://apps.sd.gov/HC65C2C/EBS/lettings/05212008final.pdf,"May 21, 2008",,2025-11-22T18:11:44.275703,success,c:\Users\Richard\code\CSI_Proj\data\downloads\SD\SD_May_21_2008.pdf,,2025-11-22T18:30:30.252804
SD,2008.0,https://apps.sd.gov/HC65C2C/EBS/lettings/05072008final.pdf,"May 7, 2008",,2025-11-22T18:11:44.275703,success,c:\Users\Richard\code\CSI_Proj\data\downloads\SD\SD_May_7_2008.pdf,,2025-11-22T18:30:32.039506
SD,2008.0,https://apps.sd.gov/HC65C2C/EBS/lettings/04162008final.pdf,"April 16, 2008",,2025-11-22T18:11:44.275703,success,c:\Users\Richard\code\CSI_Proj\data\downloads\SD\SD_April_16_2008.pdf,,2025-11-22T18:30:33.864575
SD,2008.0,https://apps.sd.gov/HC65C2C/EBS/lettings/04022008final.pdf,"April 2, 2008",,2025-11-22T18:11:44.275703,success,c:\Users\Richard\code\CSI_Proj\data\downloads\SD\SD_April_2_2008.pdf,,2025-11-22T18:30:35.688082
SD,2008.0,https://apps.sd.gov/HC65C2C/EBS/lettings/03192008final.pdf,"March 19, 2008",,2025-11-22T18:11:44.275703,success,c:\Users\Richard\code\CSI_Proj\data\downloads\SD\SD_March_19_2008.pdf,,2025-11-22T18:30:37.389861
SD,2008.0,https://apps.sd.gov/HC65C2C/EBS/lettings/03052008final.pdf,"March 5, 2008",,2025-11-22T18:11:44.275703,success,c:\Users\Richard\code\CSI_Proj\data\downloads\SD\SD_March_5_2008.pdf,,2025-11-22T18:30:39.096601
SD,2008.0,https://apps.sd.gov/HC65C2C/EBS/lettings/02202008final.pdf,"February 20, 2008",,2025-11-22T18:11:44.275703,success,c:\Users\Richard\code\CSI_Proj\data\downloads\SD\SD_February_20_2008.pdf,,2025-11-22T18:30:40.949354
SD,2008.0,https://apps.sd.gov/HC65C2C/EBS/lettings/02062008final.pdf,"February 6, 2008",,2025-11-22T18:11:44.275703,success,c:\Users\Richard\code\CSI_Proj\data\downloads\SD\SD_February_6_2008.pdf,,2025-11-22T18:30:42.734037
SD,2008.0,https://apps.sd.gov/HC65C2C/EBS/lettings/01302008final.pdf,"January 30, 2008",,2025-11-22T18:11:44.275703,success,c:\Users\Richard\code\CSI_Proj\data\downloads\SD\SD_January_30_2008.pdf,,2025-11-22T18:30:44.536065
SD,2008.0,https://apps.sd.gov/HC65C2C/EBS/lettings/01162008final.pdf,"January 16, 2008",,2025-11-22T18:11:44.275703,success,c:\Users\Richard\code\CSI_Proj\data\downloads\SD\SD_January_16_2008.pdf,,2025-11-22T18:30:46.360099
SD,2007.0,https://apps.sd.gov/HC65C2C/EBS/lettings/12052007final.pdf,"December 5, 2007",,2025-11-22T18:11:44.275703,success,c:\Users\Richard\code\CSI_Proj\data\downloads\SD\SD_December_5_2007.pdf,,2025-11-22T18:30:48.223469
SD,2007.0,https://apps.sd.gov/HC65C2C/EBS/lettings/11212007final.pdf,"November 21, 2007",,2025-11-22T18:11:44.275703,success,c:\Users\Richard\code\CSI_Proj\data\downloads\SD\SD_November_21_2007.pdf,,2025-11-22T18:30:50.035968
SD,2007.0,https://apps.sd.gov/HC65C2C/EBS/lettings/11072007final.pdf,"November 7, 2007",,2025-11-22T18:11:44.275703,success,c:\Users\Richard\code\CSI_Proj\data\downloads\SD\SD_November_7_2007.pdf,,2025-11-22T18:30:52.390115
SD,2007.0,https://apps.sd.gov/HC65C2C/EBS/lettings/10172007final.pdf,"October 17, 2007",,2025-11-22T18:11:44.275703,success,c:\Users\Richard\code\CSI_Proj\data\downloads\SD\SD_October_17_2007.pdf,,2025-11-22T18:30:54.189199
SD,2007.0,https://apps.sd.gov/HC65C2C/EBS/lettings/10032007final.pdf,"October 3, 2007",,2025-11-22T18:11:44.275703,success,c:\Users\Richard\code\CSI_Proj\data\downloads\SD\SD_October_3_2007.pdf,,2025-11-22T18:30:56.014201
SD,2007.0,https://apps.sd.gov/HC65C2C/EBS/lettings/09192007final.pdf,"September 19, 2007",,2025-11-22T18:11:44.275703,success,c:\Users\Richard\code\CSI_Proj\data\downloads\SD\SD_September_19_2007.pdf,,2025-11-22T18:30:57.840452
SD,2007.0,https://apps.sd.gov/HC65C2C/EBS/lettings/09052007final.pdf,"September 5, 2007",,2025-11-22T18:11:44.275703,success,c:\Users\Richard\code\CSI_Proj\data\downloads\SD\SD_September_5_2007.pdf,,2025-11-22T18:30:59.599144
SD,2007.0,https://apps.sd.gov/HC65C2C/EBS/lettings/08152007final.pdf,"August 15, 2007",,2025-11-22T18:11:44.275703,success,c:\Users\Richard\code\CSI_Proj\data\downloads\SD\SD_August_15_2007.pdf,,2025-11-22T18:31:01.448509
SD,2007.0,https://apps.sd.gov/HC65C2C/EBS/lettings/08012007final.pdf,8-1-2007 Letting Cancelled,,2025-11-22T18:11:44.275703,success,c:\Users\Richard\code\CSI_Proj\data\downloads\SD\SD_8-1-2007_Letting_Cancelled.pdf,,2025-11-22T18:31:03.289391
SD,2007.0,https://apps.sd.gov/HC65C2C/EBS/lettings/07182007final.pdf,"July 18, 2007",,2025-11-22T18:11:44.275703,success,c:\Users\Richard\code\CSI_Proj\data\downloads\SD\SD_July_18_2007.pdf,,2025-11-22T18:31:05.094432
SD,2007.0,https://apps.sd.gov/HC65C2C/EBS/lettings/06202007final.pdf,"June 20, 2007",,2025-11-22T18:11:44.275703,success,c:\Users\Richard\code\CSI_Proj\data\downloads\SD\SD_June_20_2007.pdf,,2025-11-22T18:31:06.796476
SD,2007.0,https://apps.sd.gov/HC65C2C/EBS/lettings/06062007final.pdf,"June 6, 2007",,2025-11-22T18:11:44.275703,success,c:\Users\Richard\code\CSI_Proj\data\downloads\SD\SD_June_6_2007.pdf,,2025-11-22T18:31:08.583564
SD,2007.0,https://apps.sd.gov/HC65C2C/EBS/lettings/05162007final.pdf,"May 16, 2007",,2025-11-22T18:11:44.275703,success,c:\Users\Richard\code\CSI_Proj\data\downloads\SD\SD_May_16_2007.pdf,,2025-11-22T18:31:11.176944
SD,2007.0,https://apps.sd.gov/HC65C2C/EBS/lettings/05022007final.pdf,"May 2, 2007",,2025-11-22T18:11:44.275703,success,c:\Users\Richard\code\CSI_Proj\data\downloads\SD\SD_May_2_2007.pdf,,2025-11-22T18:31:13.035074
SD,2007.0,https://apps.sd.gov/HC65C2C/EBS/lettings/04182007final.pdf,"April 18, 2007",,2025-11-22T18:11:44.275703,success,c:\Users\Richard\code\CSI_Proj\data\downloads\SD\SD_April_18_2007.pdf,,2025-11-22T18:31:14.920874
SD,2007.0,https://apps.sd.gov/HC65C2C/EBS/lettings/04042007final.pdf,"April 4, 2007",,2025-11-22T18:11:44.275703,success,c:\Users\Richard\code\CSI_Proj\data\downloads\SD\SD_April_4_2007.pdf,,2025-11-22T18:31:16.853632
SD,2007.0,https://apps.sd.gov/HC65C2C/EBS/lettings/03212007final.pdf,"March 21, 2007",,2025-11-22T18:11:44.275703,success,c:\Users\Richard\code\CSI_Proj\data\downloads\SD\SD_March_21_2007.pdf,,2025-11-22T18:31:18.653171
SD,2007.0,https://apps.sd.gov/HC65C2C/EBS/lettings/03072007final.pdf,"March 7, 2007",,2025-11-22T18:11:44.275703,success,c:\Users\Richard\code\CSI_Proj\data\downloads\SD\SD_March_7_2007.pdf,,2025-11-22T18:31:20.504501
SD,2007.0,https://apps.sd.gov/HC65C2C/EBS/lettings/02212007final.pdf,"February 21, 2007",,2025-11-22T18:11:44.275703,success,c:\Users\Richard\code\CSI_Proj\data\downloads\SD\SD_February_21_2007.pdf,,2025-11-22T18:31:22.253389
SD,2007.0,https://apps.sd.gov/HC65C2C/EBS/lettings/02072007final.pdf,"February 7, 2007",,2025-11-22T18:11:44.275703,success,c:\Users\Richard\code\CSI_Proj\data\downloads\SD\SD_February_7_2007.pdf,,2025-11-22T18:31:23.938145
SD,2007.0,https://apps.sd.gov/HC65C2C/EBS/lettings/01172007final.pdf,"January 17, 2007",,2025-11-22T18:11:44.275703,success,c:\Users\Richard\code\CSI_Proj\data\downloads\SD\SD_January_17_2007.pdf,,2025-11-22T18:31:25.756572
SD,2006.0,https://apps.sd.gov/HC65C2C/EBS/lettings/12062006final.pdf,"December 6, 2006",,2025-11-22T18:11:44.275703,success,c:\Users\Richard\code\CSI_Proj\data\downloads\SD\SD_December_6_2006.pdf,,2025-11-22T18:31:27.544608
SD,2006.0,https://apps.sd.gov/HC65C2C/EBS/lettings/11152006final.pdf,"November 15, 2006",,2025-11-22T18:11:44.275703,success,c:\Users\Richard\code\CSI_Proj\data\downloads\SD\SD_November_15_2006.pdf,,2025-11-22T18:31:29.235251
SD,2006.0,https://apps.sd.gov/HC65C2C/EBS/lettings/10182006final.pdf,"October 18, 2006",,2025-11-22T18:11:44.275703,success,c:\Users\Richard\code\CSI_Proj\data\downloads\SD\SD_October_18_2006.pdf,,2025-11-22T18:31:31.024923
SD,2006.0,https://apps.sd.gov/HC65C2C/EBS/lettings/10042006final.pdf,"October 4, 2006",,2025-11-22T18:11:44.275703,success,c:\Users\Richard\code\CSI_Proj\data\downloads\SD\SD_October_4_2006.pdf,,2025-11-22T18:31:32.786956
SD,2006.0,https://apps.sd.gov/HC65C2C/EBS/lettings/09202006final.pdf,"September 20, 2006",,2025-11-22T18:11:44.275703,success,c:\Users\Richard\code\CSI_Proj\data\downloads\SD\SD_September_20_2006.pdf,,2025-11-22T18:31:34.578176
SD,2006.0,https://apps.sd.gov/HC65C2C/EBS/lettings/09062006final.pdf,"September 6, 2006",,2025-11-22T18:11:44.275703,success,c:\Users\Richard\code\CSI_Proj\data\downloads\SD\SD_September_6_2006.pdf,,2025-11-22T18:31:36.459632
SD,2006.0,https://apps.sd.gov/HC65C2C/EBS/lettings/08012006final.pdf,"August 1, 2006",,2025-11-22T18:11:44.275703,success,c:\Users\Richard\code\CSI_Proj\data\downloads\SD\SD_August_1_2006.pdf,,2025-11-22T18:31:38.239735
SD,2006.0,https://apps.sd.gov/HC65C2C/EBS/lettings/07192006final.pdf,"July 19, 2006",,2025-11-22T18:11:44.275703,success,c:\Users\Richard\code\CSI_Proj\data\downloads\SD\SD_July_19_2006.pdf,,2025-11-22T18:31:39.928824
SD,2006.0,https://apps.sd.gov/HC65C2C/EBS/lettings/06272006final.pdf,"June 27, 2006",,2025-11-22T18:11:44.275703,success,c:\Users\Richard\code\CSI_Proj\data\downloads\SD\SD_June_27_2006.pdf,,2025-11-22T18:31:41.626705
SD,2006.0,https://apps.sd.gov/HC65C2C/EBS/lettings/05172006final.pdf,"May 17, 2006",,2025-11-22T18:11:44.275703,success,c:\Users\Richard\code\CSI_Proj\data\downloads\SD\SD_May_17_2006.pdf,,2025-11-22T18:31:43.425979
SD,2006.0,https://apps.sd.gov/HC65C2C/EBS/lettings/04192006final.pdf,"April 19, 2006",,2025-11-22T18:11:44.275703,success,c:\Users\Richard\code\CSI_Proj\data\downloads\SD\SD_April_19_2006.pdf,,2025-11-22T18:31:45.238329
SD,2006.0,https://apps.sd.gov/HC65C2C/EBS/lettings/03292006final.pdf,"March 29, 2006",,2025-11-22T18:11:44.275703,success,c:\Users\Richard\code\CSI_Proj\data\downloads\SD\SD_March_29_2006.pdf,,2025-11-22T18:31:47.111135
SD,2006.0,https://apps.sd.gov/HC65C2C/EBS/lettings/03162006final.pdf,"March 16, 2006",,2025-11-22T18:11:44.275703,success,c:\Users\Richard\code\CSI_Proj\data\downloads\SD\SD_March_16_2006.pdf,,2025-11-22T18:31:48.935799
SD,2006.0,https://apps.sd.gov/HC65C2C/EBS/lettings/02152006final.pdf,"February 15, 2006",,2025-11-22T18:11:44.275703,success,c:\Users\Richard\code\CSI_Proj\data\downloads\SD\SD_February_15_2006.pdf,,2025-11-22T18:31:50.792679
SD,2006.0,https://apps.sd.gov/HC65C2C/EBS/lettings/02082006final.pdf,"February 8, 2006 Letting",,2025-11-22T18:11:44.275703,success,c:\Users\Richard\code\CSI_Proj\data\downloads\SD\SD_February_8_2006_Letting.pdf,,2025-11-22T18:31:52.671736
SD,2006.0,https://apps.sd.gov/HC65C2C/EBS/lettings/01182006final.pdf,"January 18, 2006 (moved from the 17th)",,2025-11-22T18:11:44.275703,success,c:\Users\Richard\code\CSI_Proj\data\downloads\SD\SD_January_18_2006_moved_from_the_17th.pdf,,2025-11-22T18:31:54.499196
IA,2025.0,https://iowadot.gov/media/12726/download?inline,11/18/25 Bid Tabulations,,2025-11-22T18:12:06.374909,success,c:\Users\Richard\code\CSI_Proj\data\downloads\IA\IA_111825_Bid_Tabulations.pdf,,2025-11-22T18:31:57.581509
IA,2025.0,https://iowadot.gov/media/12608/download?inline,10/22/25 Bid Tabulations,,2025-11-22T18:12:06.374909,success,c:\Users\Richard\code\CSI_Proj\data\downloads\IA\IA_102225_Bid_Tabulations.pdf,,2025-11-22T18:32:00.252913
IA,2025.0,https://iowadot.gov/media/12408/download?inline,9/23/25 Bid Tabulations,,2025-11-22T18:12:06.374909,success,c:\Users\Richard\code\CSI_Proj\data\downloads\IA\IA_92325_Bid_Tabulations.pdf,,2025-11-22T18:32:02.721699
IA,2025.0,https://iowadot.gov/media/12382/download?inline,9/16/25 Bid Tabulations,,2025-11-22T18:12:06.374909,success,c:\Users\Richard\code\CSI_Proj\data\downloads\IA\IA_91625_Bid_Tabulations.pdf,,2025-11-22T18:32:05.310299
IA,2025.0,https://iowadot.gov/media/12248/download?inline,8/19/25 Bid Tabulations,,2025-11-22T18:12:06.374909,success,c:\Users\Richard\code\CSI_Proj\data\downloads\IA\IA_81925_Bid_Tabulations.pdf,,2025-11-22T18:32:07.736392
IA,2025.0,https://iowadot.gov/media/12027/download?inline,7/15/25 Bid Tabulations,,2025-11-22T18:12:06.374909,success,c:\Users\Richard\code\CSI_Proj\data\downloads\IA\IA_71525_Bid_Tabulations.pdf,,2025-11-22T18:32:11.651377
IA,2025.0,https://iowadot.gov/media/11923/download?inline,06/17/25 Bid Tabulations,,2025-11-22T18:12:06.374909,success,c:\Users\Richard\code\CSI_Proj\data\downloads\IA\IA_061725_Bid_Tabulations.pdf,,2025-11-22T18:32:14.382125
IA,2025.0,https://iowadot.gov/media/11864/download?inline,06/03/25 Bid Tabulations,,2025-11-22T18:12:06.374909,success,c:\Users\Richard\code\CSI_Proj\data\downloads\IA\IA_060325_Bid_Tabulations.pdf,,2025-11-22T18:32:16.399955
IA,2025.0,https://iowadot.gov/media/11829/download?inline,05/20/25 Bid Tabulations,,2025-11-22T18:12:06.374909,success,c:\Users\Richard\code\CSI_Proj\data\downloads\IA\IA_052025_Bid_Tabulations.pdf,,2025-11-22T18:32:19.059393
IA,2025.0,https://iowadot.gov/media/11450/download?inline,04/15/25 Bid Tabulations,,2025-11-22T18:12:06.374909,success,c:\Users\Richard\code\CSI_Proj\data\downloads\IA\IA_041525_Bid_Tabulations.pdf,,2025-11-22T18:32:22.170069
IA,2025.0,https://iowadot.gov/media/10502/download?inline,04/01/25 Bid Tabulations,,2025-11-22T18:12:06.374909,success,c:\Users\Richard\code\CSI_Proj\data\downloads\IA\IA_040125_Bid_Tabulations.pdf,,2025-11-22T18:32:24.371364
IA,2025.0,https://iowadot.gov/media/10341/download?inline,3/18/25 Bid Tabulations,,2025-11-22T18:12:06.374909,success,c:\Users\Richard\code\CSI_Proj\data\downloads\IA\IA_31825_Bid_Tabulations.pdf,,2025-11-22T18:32:28.552850
IA,2025.0,https://iowadot.gov/media/4013/download?inline,2/18/25 Bid Tabulation,,2025-11-22T18:12:06.374909,success,c:\Users\Richard\code\CSI_Proj\data\downloads\IA\IA_21825_Bid_Tabulation.pdf,,2025-11-22T18:32:33.254845
IA,2025.0,https://iowadot.gov/media/4014/download?inline,1/22/25 Bid Tabulation,,2025-11-22T18:12:06.374909,success,c:\Users\Richard\code\CSI_Proj\data\downloads\IA\IA_12225_Bid_Tabulation.pdf,,2025-11-22T18:32:37.507628
IA,2024.0,https://iowadot.gov/media/2463/download?inline,11/19/2024 Bid Tabulation,,2025-11-22T18:12:06.374909,success,c:\Users\Richard\code\CSI_Proj\data\downloads\IA\IA_11192024_Bid_Tabulation.pdf,,2025-11-22T18:32:42.381508
IA,2024.0,https://iowadot.gov/media/2465/download?inline,12/17/2024 Bid Tabulation,,2025-11-22T18:12:06.374909,success,c:\Users\Richard\code\CSI_Proj\data\downloads\IA\IA_12172024_Bid_Tabulation.pdf,,2025-11-22T18:32:48.461883
IA,2024.0,https://iowadot.gov/media/2462/download?inline,12/03/2024 Bid Tabulation,,2025-11-22T18:12:06.374909,success,c:\Users\Richard\code\CSI_Proj\data\downloads\IA\IA_12032024_Bid_Tabulation.pdf,,2025-11-22T18:32:50.987414
IA,2024.0,https://iowadot.gov/media/2459/download?inline,10/15/2024 Bid Tabulation,,2025-11-22T18:12:06.374909,success,c:\Users\Richard\code\CSI_Proj\data\downloads\IA\IA_10152024_Bid_Tabulation.pdf,,2025-11-22T18:32:54.281995
IA,2024.0,https://iowadot.gov/media/2453/download?inline,09/17/2024 Bid Tabulation,,2025-11-22T18:12:06.374909,success,c:\Users\Richard\code\CSI_Proj\data\downloads\IA\IA_09172024_Bid_Tabulation.pdf,,2025-11-22T18:32:57.722448
IA,2024.0,https://iowadot.gov/media/2461/download?inline,10/22/2024 Bid Tabulation,,2025-11-22T18:12:06.374909,success,c:\Users\Richard\code\CSI_Proj\data\downloads\IA\IA_10222024_Bid_Tabulation.pdf,,2025-11-22T18:33:00.212209
IA,2024.0,https://iowadot.gov/media/2455/download?inline,10/08/2024 Bid Tabulation,,2025-11-22T18:12:06.374909,success,c:\Users\Richard\code\CSI_Proj\data\downloads\IA\IA_10082024_Bid_Tabulation.pdf,,2025-11-22T18:33:02.571077
IA,2024.0,https://iowadot.gov/media/2454/download?inline,09/24/2024 Bid Tabulation,,2025-11-22T18:12:06.374909,success,c:\Users\Richard\code\CSI_Proj\data\downloads\IA\IA_09242024_Bid_Tabulation.pdf,,2025-11-22T18:33:05.670631
IA,2024.0,https://iowadot.gov/media/2452/download?inline,09/04/2024 Bid Tabulation,,2025-11-22T18:12:06.374909,success,c:\Users\Richard\code\CSI_Proj\data\downloads\IA\IA_09042024_Bid_Tabulation.pdf,,2025-11-22T18:33:08.230976
IA,2024.0,https://iowadot.gov/media/2448/download?inline,07/16/2024 Bid Tabulation,,2025-11-22T18:12:06.374909,success,c:\Users\Richard\code\CSI_Proj\data\downloads\IA\IA_07162024_Bid_Tabulation.pdf,,2025-11-22T18:33:12.724434
IA,2024.0,https://iowadot.gov/media/4320/download?inline,08/06/2024 Bid Tabulation,,2025-11-22T18:12:06.374909,success,c:\Users\Richard\code\CSI_Proj\data\downloads\IA\IA_08062024_Bid_Tabulation.pdf,,2025-11-22T18:33:15.055024
IA,2024.0,https://iowadot.gov/media/2450/download?inline,08/20/2024 Bid Tabulation,,2025-11-22T18:12:06.374909,success,c:\Users\Richard\code\CSI_Proj\data\downloads\IA\IA_08202024_Bid_Tabulation.pdf,,2025-11-22T18:33:17.665004
IA,2024.0,https://iowadot.gov/media/2449/download?inline,07/30/2024 Bid Tabulation,,2025-11-22T18:12:06.374909,success,c:\Users\Richard\code\CSI_Proj\data\downloads\IA\IA_07302024_Bid_Tabulation.pdf,,2025-11-22T18:33:20.614696
IA,2024.0,https://iowadot.gov/media/2447/download?inline,06/18/2024 Bid Tabulation,,2025-11-22T18:12:06.374909,success,c:\Users\Richard\code\CSI_Proj\data\downloads\IA\IA_06182024_Bid_Tabulation.pdf,,2025-11-22T18:33:23.899089
IA,2024.0,https://iowadot.gov/media/2446/download?inline,05/21/2024 Bid Tabulation,,2025-11-22T18:12:06.374909,success,c:\Users\Richard\code\CSI_Proj\data\downloads\IA\IA_05212024_Bid_Tabulation.pdf,,2025-11-22T18:33:27.209691
IA,2024.0,https://iowadot.gov/media/2445/download?inline,04/16/2024 Bid Tabulation,,2025-11-22T18:12:06.374909,success,c:\Users\Richard\code\CSI_Proj\data\downloads\IA\IA_04162024_Bid_Tabulation.pdf,,2025-11-22T18:33:31.368640
IA,2024.0,https://iowadot.gov/media/2444/download?inline,03/19/2024 Bid Tabulation,,2025-11-22T18:12:06.374909,success,c:\Users\Richard\code\CSI_Proj\data\downloads\IA\IA_03192024_Bid_Tabulation.pdf,,2025-11-22T18:33:33.707112
IA,2024.0,https://iowadot.gov/media/4294/download?inline,02/20/2024 Bid Tabulation,,2025-11-22T18:12:06.374909,success,c:\Users\Richard\code\CSI_Proj\data\downloads\IA\IA_02202024_Bid_Tabulation.pdf,,2025-11-22T18:33:36.255241
IA,2024.0,https://iowadot.gov/media/2443/download?inline,2/20/24 Bid Tabluation,,2025-11-22T18:12:06.374909,success,c:\Users\Richard\code\CSI_Proj\data\downloads\IA\IA_22024_Bid_Tabluation.pdf,,2025-11-22T18:33:38.893315
IA,2024.0,https://iowadot.gov/media/2442/download?inline,1/17/24 Bid Tablulation,,2025-11-22T18:12:06.374909,success,c:\Users\Richard\code\CSI_Proj\data\downloads\IA\IA_11724_Bid_Tablulation.pdf,,2025-11-22T18:33:41.610755
